created_at,text
Tue Jun 10 04:17:56 +0000 2014,"When you see jailbait, think, couple years its on. Wait until she 18, cause fuck prison my dude."
Mon Jun 09 11:42:34 +0000 2014,RT @JailbaitTwit: Damn :) #teen #jailbait http://t.co/VARVQ0OQ95
Tue Jun 10 00:38:22 +0000 2014,#mcm is this always fresh never frisky hunk of jailbait @maxburk_ http://t.co/2pyr8TwI4F
Mon Jun 16 06:21:08 +0000 2014,"RT @originalnidge: ""@JailbaitTwit: Which one? #teens #jailbait http://t.co/guQX7QHoQ9""all three at the same time."
Tue Jun 17 04:18:28 +0000 2014,"“@DiamondFunari: watched ""jailbait"" on Netflix &amp; i swear it was like porn omfg lmao” omg rft😷😷"
Mon Jun 16 09:52:22 +0000 2014,RT @GTAustiin: “@kaella13: why am I only attracted to guys who are in their twenties?” #jailbait
Mon Jun 16 23:55:15 +0000 2014,Minor at work just told me my skirt is attractively short #jailbait #jailbait #jailbait 🔞
Mon Jun 16 14:31:33 +0000 2014,Full #Jailbait vid with going steady cam. Rehearsal in #london w/ Gareth https://t.co/R3ckE46Kki
Mon Jun 16 16:27:31 +0000 2014,RT @DoctorJulien: #jailbait http://t.co/T21rzDPdcZ
Mon Jun 23 15:00:34 +0000 2014,RT @YngGirlFan3: Rt if you want to fuck this #jailbait slut ;) http://t.co/XiQdcJP8v2
Mon Jun 23 22:56:09 +0000 2014,@feverdapleaser I feel like they are all big. Only the Jenners are small. #jailbait
Tue Jun 24 05:02:34 +0000 2014,tori's jailbait is matt and mine is nash we're going to hell
Tue Jun 24 05:03:43 +0000 2014,RT @JailbaitTwit: #teens #jailbait http://t.co/yYr7U8iW5h
Mon Jun 23 12:08:22 +0000 2014,RT @YngGirlFan3: I think I could have fun with these two little #jailbait girls ;) http://t.co/ASoUeYc8tc
Mon Jun 23 07:46:33 +0000 2014,RT @JakeJroberts13: “@creepingv2dot0: Tanline #jailbait #braces #realgirls #selfie #mirrorshot #selfshot http://t.co/0KfAHSHFKB”
Mon Jun 23 09:11:53 +0000 2014,Handbra orgy #Cleavagethursday #jailbait #bikini #realgirls http://t.co/wsuElMP91t
Tue Jun 24 03:09:43 +0000 2014,im jailbait :-)
Mon Jun 23 10:35:01 +0000 2014,RT @ukgirlsxxx: #MagicMonday #jailbait  @thesexpedition @courtneyyyjanee @P_K_W_180 @WhiteGWednesday @TheyShineBright http://t.co/YU29fT7fwg
Mon Jun 23 08:48:08 +0000 2014,RT @creepingv2dot0: Handbra orgy #Cleavagethursday #jailbait #bikini #realgirls http://t.co/FQhaiTQWk7
Mon Jun 23 21:09:42 +0000 2014,RT @dangerlover5: #jailbait #cute #beautiful I want. http://t.co/d7ngn2OUyJ
Mon Jun 23 17:06:20 +0000 2014,"""@YngGirlFan3: Anyone wanna lend a hand with all this cute #jailbait ;) http://t.co/fgwglE9wzq"""
Mon Jun 23 14:05:05 +0000 2014,RT @ukgirlsxxx: #MagicMonday #jailbait #SchoolGirls #UkSluts  #legsfordays http://t.co/og5MujH8Uq
Mon Jun 23 19:05:41 +0000 2014,“@honeyygee__: @Princess_Tee97 lol I heard you are trying to be jailbait lol” LMFAO😂😂😂😭😭
Thu Jun 12 07:41:48 +0000 2014,"RT @YoungJailbait: Sure, lets do it in the kitchen, why not? #sexy #beautiful #horny #teen #jailbait http://t.co/2EJ0kj34Pu"
Fri Jun 13 03:27:18 +0000 2014,"RT @ICD_F52_7: #handjob in the car by a #jailbait cutie, or is she daddy's little girl? RT @vikki_sax @makusquirm RT/F @SexAmateur00 http:/…"
Thu Jun 12 10:26:48 +0000 2014,RT @YngGirlFan2: Those panties need to come down ;) #jailbait http://t.co/BdgVR2GJp4
Fri Jun 13 02:42:14 +0000 2014,"@kimie2sad you're not really ""jailbait"". You're more potential walking thirst trap"
Fri Jun 13 02:35:53 +0000 2014,"RT @girlgirls19: ""@DoctorJulien: #jailbait http://t.co/rGMS56kvem"""
Thu Jun 12 21:35:33 +0000 2014,RT @YoungJailbait: Waiting for someone to pick her up. #jailbait http://t.co/KX1tZIQ7Nn
Thu Jun 12 17:34:39 +0000 2014,lmfao Go to vote at joan all these girls be doing this shit 👀 👀 👀 ahahaa fuck that #Jailbait
Fri Jun 13 00:46:24 +0000 2014,RT @guwopgaby: im #jailbait
Fri Jun 13 00:39:29 +0000 2014,RT @TalkToJust4You: sexy: #jailbait http://t.co/2ET6daQNs0
Wed Jun 25 20:05:03 +0000 2014,RT @YoungJailbait: Guess who's back. :') #jailbait #teen #nude #sex http://t.co/QlrMuw1Ust
Wed Jun 25 10:38:32 +0000 2014,RT @YoungJailbait: *spank* #jailbait #girl #sexy #nude #ass #young #teen http://t.co/w5nfiAhSKr
Wed Jun 25 08:04:12 +0000 2014,Jailbait
Wed Jun 25 19:53:49 +0000 2014,RT @UncleBiffsCabin: #Jailbait #KansasCuties http://t.co/QkaRaYkjoa
Wed Jun 25 13:28:27 +0000 2014,RT @YngGirlFan3: I'll take all three to go ;) #jailbait http://t.co/FZgCzOCI3T
Wed Jun 25 16:45:07 +0000 2014,RT @crashmi71: #sexy #jailbait YUMMY YOUNG GIRLS!!! http://t.co/RJp8gtoEek
Fri Jun 06 22:53:13 +0000 2014,RT @Leaked_snaps12: “@PartiesGuilty:    #handbra #jailbait #teen #selfie #mirrormonday #titsouttuesday #sexy #Tittytuesday http://t.co/duAD…
Fri Jun 06 22:08:52 +0000 2014,PLEASE JACOB ❤️❤️❤️I LOVE YOU #jailbait @JacobWhitesides http://t.co/4RvxGMkryT
Fri Jun 06 07:35:14 +0000 2014,#FriskyFriday #jailbait @thesexpedition @DailyIncest @P_K_W_180 @FilthyDirtyBoy @UkRealGirlPics http://t.co/lG8Tq6arI2
Fri Jun 06 07:35:26 +0000 2014,RT @ukgirlsxxx: #FriskyFriday #jailbait @thesexpedition @DailyIncest @P_K_W_180 @FilthyDirtyBoy @UkRealGirlPics http://t.co/lG8Tq6arI2
Sat Jun 07 03:04:45 +0000 2014,@Akpopguy @Lyemi123 sexy jailbait tho.
Fri Jun 06 08:45:37 +0000 2014,Jailbait everywhere tonight lol
Sat Jun 07 00:16:40 +0000 2014,Call me jailbait 😂
Fri Jun 06 19:04:54 +0000 2014,"RT @denmatai190: RT""@crashmi71: #sexy #jailbait YUMMY YOUNG GIRLS!!! http://t.co/jXKEZIXORq"""
Fri Jun 06 13:22:48 +0000 2014,"Bitch no I haven't! Lol ""@Thatregularguy_: Every nigga I know has talked to a female that was jailbait"""
Fri Jun 06 16:11:07 +0000 2014,lol felt hotter as jailbait tbh lol 🔞 (kms)
Tue Jun 24 18:08:59 +0000 2014,KIK: SexyNudeSelfies LADIES PLEASE SUBMIT #jailbaitteen #selfshotteen #jailbait #tits #nudeselfie #pussy #teen http://t.co/78B2lToDV3
Tue Jun 24 06:52:56 +0000 2014,RT @JailbaitTwit: Wowza #teen #jailbait http://t.co/D4fbxsfDbF
Tue Jun 24 06:39:23 +0000 2014,RT @JailbaitTwit: #teens #jailbait #prom http://t.co/myPoMhUVwB
Tue Jun 24 12:25:33 +0000 2014,"RT @ColonelHarpoon: The 'poon are banned from @SUPERNORMALFEST this year, due to Jailbait Jimmy's despicable antics last year #HARPOON #bea…"
Tue Jun 24 07:40:44 +0000 2014,RT @YngGirlFan3: That tight little #jailbait is begging for a big cock to fuck her. RT if you would ;) http://t.co/ChzRCQDkr6
Tue Jun 24 19:53:54 +0000 2014,RT @Zandrita49: Jailbait w huge cleavage #tittytuesday #teen #realgirls #mirrorshot #selfie http://t.co/aTaIiJIpvB
Sat Jun 28 22:24:36 +0000 2014,RT @ukgirlsxxx: #SexySaturday #jailbait @thesexpedition @courtneyyyjanee @P_K_W_180 @selfshots22b @TheyShineBright http://t.co/M0Go4tEd5Y
Sun Jun 29 01:30:41 +0000 2014,"@xo_Tiyana ""jailbait"" 😂😂"
Sat Jun 28 07:59:48 +0000 2014,"RT @girlgirls19: ""@ukgirlsxxx: #AssWednesday #UkSlut #jailbait  @thesexpedition @blondebigirl @69Taylormac @P_K_W_180 @FilthyDirtyBoy http:…"
Sun Jun 29 03:46:47 +0000 2014,@ReasonsImBroke This show is dam good. #more #season3anyone #netflix #jailbait
Sat Jun 28 21:00:58 +0000 2014,RT @ukgirlsxxx: #SexySaturday #UkSluts #jailbait #SchoolGirls #FitAsFuck x http://t.co/jMT8Kq8MuE
Sat Jun 28 21:46:52 +0000 2014,i wonder what the colombian jailbait is like
Sat Jun 28 17:04:04 +0000 2014,RT @jailbaitlover2: #jailbait #teen http://t.co/11B9DEf7u2
Sun Jun 29 00:09:03 +0000 2014,RT @RateMyHardcore: RT if you think she's jailbait! http://t.co/3fMWqVOkgP
Sat Jun 28 19:10:28 +0000 2014,#Sagittarius #screenshotsaturday #solidays2014 #jailbait #selfie #teen #swallows #DigoBoludecesCuando me re joden #DeNocheYo duermo? 🌛
Thu Jun 19 15:22:21 +0000 2014,RT @skullfaceone: #jailbait what a sweet girl http://t.co/I2LvTDZYyL
Thu Jun 19 22:27:00 +0000 2014,RT @JailbaitTwit: Those beautiful #tits. #teen #jailbait http://t.co/mLV2u3SDoi
Fri Jun 20 05:14:08 +0000 2014,JAILBAIT WAS SO LESBIAN AND SAD AND JUST AHDJWKIDKS
Fri Jun 20 01:43:34 +0000 2014,"God you're so cute, why u gotta be jailbait tho 😩"
Thu Jun 19 20:46:59 +0000 2014,#jailbait #tinytits #smallboobs #bikini #beachbody #ass vs #ass http://t.co/zecWWu4eNi
Thu Jun 19 23:19:47 +0000 2014,@Ashley__Hannah #jailbait
Fri Jun 20 02:02:46 +0000 2014,"RT @Thantfu: ""@amyoungteen2000: @JailbaitTwit am I good #jailbait? Hehehe http://t.co/Y6ZzdN8y6P""hell yes lol"
Thu Jun 19 21:38:16 +0000 2014,"RT @eth416: http://t.co/xPrFCNj6lA
Double your pleasure. #jailbait"
Thu Jun 19 17:22:38 +0000 2014,#teen #barelylegal #pussy #jailbait #boobs #porn #nsfw #erotic #nude http://t.co/DyqjYNL7z6 http://t.co/YEI35WlR73
Thu Jun 19 14:40:22 +0000 2014,"RT @iloveteenz: ""@JailbaitTwit: Damn that body #teen #jailbait http://t.co/4qoy0AU8k9""ooofffttt the things i would do tae her ;-);-);-);-)"
Fri Jun 20 00:29:01 +0000 2014,@angela_horan @jackgilinsky how old is he bc he's hot af but idk if he's jailbait
Thu Jun 19 19:49:44 +0000 2014,RT @Sweetiepanties: Follow @Sweetiepanties #teen #jailbait #skinny #tinytits http://t.co/E3iZmNEZ38
Thu Jun 19 19:28:20 +0000 2014,RT @Sweetiepanties: Follow @Sweetiepanties #teen #jailbait #skinny #tinytits http://t.co/lk6CzwMdzS
Thu Jun 19 19:28:33 +0000 2014,RT @Sweetiepanties: Follow @Sweetiepanties #teen #jailbait #skinny #tinytits http://t.co/B8vAa7FhTy
Thu Jun 19 16:48:15 +0000 2014,"RT @TalkToJust4You: they're 13..... 😳😘 http://t.co/v2l5O5gBS2"" #JailBait teen selfshot #jailbait"
Sun Jun 22 07:24:27 +0000 2014,RT @JailbaitTwit: I love little #jailbait #sluts http://t.co/j3tjFegw4i
Sun Jun 22 21:43:22 +0000 2014,RT @YouWillJizz: Naughty school girl ass! (RT for a follow) #Selfie #Jailbait http://t.co/XUaTHdYtLV
Sun Jun 22 21:58:30 +0000 2014,Big Gemma is jailbait 🐋🐍
Mon Jun 30 15:23:10 +0000 2014,"RT @Sweetcarolsweet: Beautifull teen ass
#jailbait #selfie #teen #ass http://t.co/C9kcaOuIxR"
Mon Jun 30 22:10:46 +0000 2014,RT @jailbaitlover2: #jailbait #bangs #teen http://t.co/Na3Mu4zEj8
Tue Jul 01 05:59:44 +0000 2014,"A 17, 16, even 15 year old can be ""jailbait"" . But a 10-12 year old? That's a child, not jailbait. You sir, are a pedophile. That is all"
Mon Jun 30 18:12:29 +0000 2014,Avicii - Jailbait
Mon Jun 30 06:34:57 +0000 2014,RT @YngGirlFan3: That tight little #jailbait is begging for a big cock to fuck her. RT if you would ;) http://t.co/ChzRCQDkr6
Mon Jun 30 06:09:54 +0000 2014,RT @JailbaitTwit: Hello :) #teen #jailbait http://t.co/IswfiXi1P2
Tue Jul 01 04:58:02 +0000 2014,Nakedbride #youngteens #braces #cumslut #jailbait #young #selfie #mound http://t.co/k0hNER73CX #TeenTits #SexySelfie http://t.co/eTwNbtJxOf”
Mon Jun 30 07:09:23 +0000 2014,#atheist #PopeFrancis #god #jailbait #jesus #freethinker #bible #jewish #ChrisRock http://t.co/MBCaOeryWz
Mon Jun 30 11:28:06 +0000 2014,"RT @tetatuit: #jailbait #selfie #teen 
""@ThaxtonhtxAkila: Big and natural http://t.co/LHcO4RcanB"""
Mon Jun 30 10:53:35 +0000 2014,Jailbait 😅
Mon Jun 30 23:29:26 +0000 2014,jailbait teens http://t.co/o4qaFyH9aa #ass #clit #pornstars #boobs #porn http://t.co/Na0jMZtCzC
Mon Jun 30 21:16:35 +0000 2014,RT @jailbaitlover2: #jailbait #braces #teen http://t.co/EDXZpoT3Gk
Mon Jun 30 21:56:11 +0000 2014,57 days til I'm not jailbait anymore 😝 http://t.co/FqYVDwW0X4
Mon Jun 30 14:48:22 +0000 2014,RT @jailbait_lover: Teens #tits #cleavge #mouthopen #eyes #jailbait #selfie http://t.co/JhbN7h8uuY
Tue Jul 01 00:17:09 +0000 2014,Im cute with or without makeup it just depends on if i want people to think im jailbait or that im 20
Sun Jun 01 06:24:26 +0000 2014,RT @CEVere__: She's jailbait if she has a signature on her texts
Sun Jun 01 12:39:35 +0000 2014,RT @JailbaitTwit: I'll take her! #teen #jailbait http://t.co/vKOHjoSpZO
Sun Jun 01 07:53:47 +0000 2014,RT @CEVere__: She's jailbait if she has a signature on her texts
Sun Jun 01 07:17:08 +0000 2014,RT @augusttmota: @Strifexlife jailbait was awesome thanks
Sun Jun 01 07:36:06 +0000 2014,RT @CEVere__: She's jailbait if she has a signature on her texts
Sun Jun 01 21:53:04 +0000 2014,Little jazmin Redondo is one year closer to no longer bein jailbait for you niggas 🎉
Sun Jun 01 19:49:56 +0000 2014,RT @JailBabes: Stunning. #jailbait http://t.co/bEX5mT7yHT
Sun Jun 01 19:12:15 +0000 2014,RT @xXGlasgowTeenXx: I love getting fucked in this position?  RT if you want a follow!  #teen #sexy #jailbait #doggy #tits #slut #boobs htt…
Sun Jun 01 16:16:46 +0000 2014,RT @JailbaitTwit: I want the one on the left! #teen #jailbait http://t.co/AMtqx79iAY
Wed Jun 04 05:43:21 +0000 2014,"""@jailbaitlovelys: Asian jailbaits take you lr pic 1,2 or 3 http://t.co/2pkvM58LnY""
1, 2 and 3! C===8"
Wed Jun 04 05:39:43 +0000 2014,Jailbait is what I am
Tue Jun 03 18:01:28 +0000 2014,RT @king_rose420: “@hardwarmcum: “@self #JAILBAIT RT agree? @ImTopless: RT @FunBags12345: #MirrorMonday Teen titties! #Selfshot #Nude  http…
Tue Jun 03 07:39:15 +0000 2014,"RT @5SOS_Update: Friendly reminder the album comes out in less than a month, Ashton turns 20, and Luke will no longer be jailbait to us leg…"
Tue Jun 03 09:44:37 +0000 2014,@purabunny @hayato_96 jailbait bf XDDDDD
Sun Jun 15 05:21:21 +0000 2014,“@G3012S: @SelfiesHer #jailbait http://t.co/xO0KTndFSA”
Sun Jun 15 05:58:32 +0000 2014,“@Drip_Jack_Frost: @KiDKarmaFrantz @ThatJCar @ImDarianKimmins @Stevie_Pinkr10 @DELLtheWEIRDO #jailbait” aye but fr doe. You 15?
Sat Jun 14 23:08:19 +0000 2014,"All the bad black bitches in Vegas are either strippers/prostitutes, married or jailbait"
Sun Jun 15 02:09:48 +0000 2014,RT @YouWillJizz: Pussy close-up! RT If you would lick it =P #selfie #naked #jailbait http://t.co/dlK0BmT6yQ
Sat Jun 14 17:09:48 +0000 2014,RT @ElPadreLocp: #jailbait  http://t.co/vPQ3YmHUZ6
Thu Jun 05 06:22:00 +0000 2014,"RT @EDMYoutube: AVICII, FTAMPA- JAILBAIT (FTampa Vicious21 Remix): http://t.co/tUXgHUdMoq"
Thu Jun 05 07:18:58 +0000 2014,"RT @briandrummerman: ""@Perfectselfshot: ""@JailbaitTwit: This might be my favorite one yet. #teen #jailbait http://t.co/CNInkS1piB"" such a c…"
Thu Jun 05 20:19:52 +0000 2014,@posterxchild smhhhh he got himself a jailbait lmfao im crying i never liked his ass even when he was on the lakers http://t.co/cV1AWSNgfR
Thu Jun 05 08:57:09 +0000 2014,RT @YngGirlFan2: I had a dream that I fucked these two #jailbait sluts ;) http://t.co/d5YvvKIFar
Thu Jun 05 23:45:30 +0000 2014,"""I'm not showing anything, Ma!"" @SelfiesHer @SelfieShow RT @G3012S: #jailbait http://t.co/tQdG9SZMcF"
Thu Jun 05 17:18:02 +0000 2014,@DwightHoward  I stand with Dwight.  Everyone deserves a little jailbait from time to time
Thu Jun 05 14:22:35 +0000 2014,"RT @YoungJailbait: Retweet us for the best 100% #jailbait, everyday! So thats today, tomorrow, and beyond. #young #horny #sexy #nude http:/…"
Sat Jun 21 06:45:35 +0000 2014,RT @YngGirlFan3: Rt if you think both these #jailbait sluts need a good fucking ;) http://t.co/0W9y7urV4Z
Sat Jun 21 06:14:35 +0000 2014,OMG to u 16 yr olds who wear more revealing clothing than I do. Leave smthn to the imagination. Ain't nobody wanna be lookin at the jailbait
Sun Jun 22 04:43:18 +0000 2014,RT @JailbaitTwit: #teen #jailbait http://t.co/RSmpTegj1f
Sun Jun 22 04:25:34 +0000 2014,I really need a shirt that says jailbait lol
Sun Jun 22 03:49:03 +0000 2014,RT @RZual: RT if you think she's jailbait! http://t.co/84pyYpErnj
Sun Jun 22 03:05:12 +0000 2014,RT @JonnySmith39: #jailbait 🙉🙉🙉🙉🙉🙉
Sat Jun 21 10:27:27 +0000 2014,RT @dangerlover5: Where are girls like this? #jailbait #smallboobs #gorgeous http://t.co/DMwHSuhYk8
Sat Jun 21 08:04:00 +0000 2014,RT @Sweetiepanties: Retweet if you like her..? Follow @Sweetiepanties #teen #jailbait #skinny #smallboobs http://t.co/hmoUKKPXiU
Sat Jun 21 23:53:46 +0000 2014,oh god no maria are we really doing jailbait jello right now oh god i'm tired and weak okay /o\
Sat Jun 21 14:08:46 +0000 2014,RT @Sweetiepanties: Please Retweet if you like the pic?Follow @Sweetiepanties #teen #jailbait #skinny #smallboobs http://t.co/HXsd663wE0
Sat Jun 21 13:24:46 +0000 2014,Ask about me ho i don't want u but I might pass ya to the holmeslice..jailbait
Sat Jun 28 05:17:26 +0000 2014,"@Wesley__ray @Dig_Dag_ I mean, I'm jailbait anyways so DO IT. I COMMAND YOU TO HATE ME."
Fri Jun 27 06:38:15 +0000 2014,Dancer Posing #headback #tits #ass #jailbait http://t.co/sLOkUlhVLi
Fri Jun 27 06:11:25 +0000 2014,Teens going in for a kiss #tits #ass #jailbait http://t.co/mvFQXgqAv1
Fri Jun 27 06:12:01 +0000 2014,👀 RT“@malekadecker: jailbait is a good lesbian movie 💦”
Fri Jun 27 12:20:35 +0000 2014,"#Jailbait RT ""@kuyamanzano: most times i get turned on by a girl i discover later that she is a minor. they r so damn sexy!"""
Sat Jun 28 04:30:35 +0000 2014,641 691 no longer jailbait 13
Fri Jun 27 20:35:15 +0000 2014,RT @jailbaitlover2: #jailbait @jailbaitlover2 @YoungJailbait @JailbaitTwit @JailBabes http://t.co/B2kZMTj0E1
Fri Jun 27 10:14:06 +0000 2014,#FriskyFriday #jailbait  @thesexpedition @courtneyyyjanee @P_K_W_180 @selfshots22b @TheyShineBright http://t.co/gN1gkxpMRH
Fri Jun 27 08:48:10 +0000 2014,"RT @strugglefuck: ""@Jailbait2014: #jailbait #retweet #teen http://t.co/NWuZdBuAA7"""
Fri Jun 27 21:17:27 +0000 2014,"RT @thebigrigger2: ""@YngGirlFan3: That tight little #jailbait is begging for a big cock to fuck her. RT if you would ;) http://t.co/27Kisat…"
Fri Jun 27 14:00:02 +0000 2014,Watching Jailbait.
Fri Jun 27 14:12:05 +0000 2014,#jailbait  http://t.co/uy82HoWmHN
Sun Jun 29 15:05:05 +0000 2014,RT @crashmi71: #sexy #jailbait YUMMY YOUNG GIRLS!!! http://t.co/RJp8gtoEek
Sun Jun 29 22:55:25 +0000 2014,RT @jailbaitlover2: #jailbait #pigtails #teen http://t.co/giOwvIkZ8v
Mon Jun 30 01:04:20 +0000 2014,jailbait
Sun Jun 29 11:14:13 +0000 2014,“@ukgirlsxxx: #FriskyFriday #jailbait  @thesexpedition @courtneyyyjanee @P_K_W_180 @selfshots22b @TheyShineBright x http://t.co/Nfpt2rGP8s”
Mon Jun 30 03:24:48 +0000 2014,Busty Teen #bikini #tits #jailbait #smile http://t.co/NZ9laQWKmW
Sun Jun 29 23:17:12 +0000 2014,RT @lilegals: Contnol those thoughts RT @neverenough420: #young #sexy #jailbait #teen #bikini http://t.co/QHhsaoHDFl
Sun Jun 29 17:41:26 +0000 2014,#jailbait #jailbait #jailbait *pinches herself*. RT @Viand33: *.* #FlamesOfAmbition http://t.co/TXyaFVxkVd
Sun Jun 29 14:13:17 +0000 2014,#jailbait
Sun Jun 29 16:10:41 +0000 2014,Jailbait (Netflix)
Wed Jun 04 12:28:06 +0000 2014,"""@ukgirlsxxx: #AssWednesday #jailbait @thesexpedition @DailyIncest @P_K_W_180 @FilthyDirtyBoy @UkRealGirlPics http://t.co/cVasj8JWLK"" sexy"
Thu Jun 05 04:44:59 +0000 2014,RT @JailbaitTwit: Fantastic body #teen #jailbait http://t.co/fcBaY6KwG0
Thu Jun 05 03:09:08 +0000 2014,RT @CEVere__: She's jailbait if she has a signature on her texts
Wed Jun 04 19:17:59 +0000 2014,"RT @thewordy: words that need to be thrown out: 

courting 
jailbait 
friendzone
homewrecker
cocktease
(add more here)"
Mon Jun 02 06:07:40 +0000 2014,"RT @TeenfinderJohn: ""@JailbaitTwit: Not bad :) #teen #jailbait http://t.co/FsX7iAW1bD""hot as hell &lt;3&lt;3"
Tue Jun 03 03:11:34 +0000 2014,she said jailbait lol
Mon Jun 02 17:55:30 +0000 2014,RT @DanPirieee: You are like 12 years old I don't know why you think it's smart to hang about with 18 year olds #jailbait
Tue Jun 03 00:41:20 +0000 2014,@AshyNery welp they chose the jailbait life
Tue Jun 17 07:08:59 +0000 2014,#nw Jailbait 2013
Wed Jun 18 03:52:06 +0000 2014,Jailbaited. FAIL!
Tue Jun 17 21:07:24 +0000 2014,#jailbait http://t.co/MFRm5WpkfS
Tue Jun 17 17:24:27 +0000 2014,"RT @YoungJailbait: We just reached 6000 followers, thank you! Retweet this tweet and spread the word of #Jailbait! http://t.co/aFzcWLPl2X"
Fri Jun 20 15:44:42 +0000 2014,RT @MajorSlander: “@DrTruth247: “@SubstitutePapi Oh word? You women still biting jailbait? http://t.co/ozXeCyu8QH” this so sick”😭😭
Fri Jun 20 22:40:06 +0000 2014,RT @JailbaitTwit: I'll take her home with me anyday #teen #jailbait http://t.co/DiTdNLbFTm
Fri Jun 20 06:33:28 +0000 2014,Ew you're leaving for college brenden. Stop... #jailbait
Sat Jun 21 04:22:21 +0000 2014,RT @pompouspep: jailbait
Fri Jun 20 09:08:13 +0000 2014,RT @Sweetiepanties: Follow @Sweetiepanties #teen #jailbait #skinny #tinytits http://t.co/60PB0IGPJZ
Fri Jun 20 10:52:54 +0000 2014,RT @DiegoAWESOME16: Which one you chosse? #jailbait http://t.co/e303KUD3fb
Fri Jun 20 10:22:55 +0000 2014,RT @Sweetiepanties: Follow @Sweetiepanties #teen #jailbait #skinny #tinytits #cute http://t.co/eJ4UPmFKlC
Fri Jun 20 08:55:53 +0000 2014,RT @Sweetiepanties: Follow @Sweetiepanties #teen #jailbait #skinny #smallboobs http://t.co/wF3ArP1t71
Fri Jun 20 23:12:22 +0000 2014,RT @Sweetiepanties: Retweet if you like her..? Follow @Sweetiepanties #teen #jailbait #skinny #smallboobs http://t.co/Mwf0HUGP1K
Sun Jun 15 18:09:10 +0000 2014,She's putting her jailbait body to good use instead of being a young j bag. May not be redemption but gotta rate the reformation.
Sun Jun 15 12:54:45 +0000 2014,https://t.co/4zDseWEhVD #tits who #TeenTuesday #nsfw #adult #porn #Hardcore jailbait with big tits http://t.co/waSXM9QlYl
Sun Jun 15 12:55:06 +0000 2014,https://t.co/m6YG2rliyR #tits there #sexysaturday #nsfw #adult #porn #Hardcore jailbait with big tits http://t.co/PnJntDg4oB
Sun Jun 15 20:54:11 +0000 2014,"Pledis keep trying to convince themselves that After School isn't old by adding jailbait every other year or so, &lt;_&gt;"
Sun Jun 15 11:01:57 +0000 2014,Anyone feeling dirty? #Horny #Jailbait #Slut
Sun Jun 15 23:02:36 +0000 2014,JP still calls me jailbait . 😑 @NYboy__JP
Sun Jun 15 23:30:26 +0000 2014,"RT @YngGirlFan3: 1,2 or 3 ;) #jailbait #followme http://t.co/AugrmyJPSB"
Sun Jun 15 17:50:56 +0000 2014,I'm not only bug bait #jailbait
Sun Jun 15 19:27:18 +0000 2014,@Mcleoddd @amymcleoddd JAILBAIT KENNY😊
Fri Jun 27 04:53:46 +0000 2014,@Cristian_S98 yeah this movie jailbait on netflix is like dirty as hell so many lesbian sex scenes 😂😂
Thu Jun 26 07:07:28 +0000 2014,RT @ChrisDSOfficial: @obrienerin11 just got out of the studio and watched jailbait.  You were beautiful super badass.  You should follow me…
Thu Jun 26 20:50:16 +0000 2014,Jailbait (Original Mix) - Avicii http://t.co/EPg1aJfzlU #nowplaying #listenlive
Thu Jun 26 11:13:26 +0000 2014,#ThighGapThursday #jailbait @thesexpedition @courtneyyyjanee @P_K_W_180 @selfshots22b @TheyShineBright x http://t.co/9ljrCVNxRE
Thu Jun 26 08:05:33 +0000 2014,RT @TalkToJust4You: Damn! ) #teen #jailbait #sexy http://t.co/O0tRTfUZ18
Thu Jun 26 23:39:35 +0000 2014,I added a video to a @YouTube playlist http://t.co/LFcOwUgaSG amazing jailbait
Fri Jun 27 00:33:09 +0000 2014,"RT @__MAR1A: Im dyyyinggg omg my sis is playing the ""Guess Her Age"" game w/@biancaisabelaaa &amp; I and we're seeing all these jailbait tings L…"
Thu Jun 26 13:31:09 +0000 2014,RT @ukgirlsxxx: #TeenThursday #jailbait #SchoolGirls #UkSluts #cute #SexyAsFuck http://t.co/xv7WYHOmeS
Wed Jun 11 22:41:25 +0000 2014,RT @ColoOddball: “@crashmi71: #jailbait #selfies sexy JB pics http://t.co/zQRP51sgfs”
Thu Jun 12 03:23:04 +0000 2014,@Day_andnight_ if you're 12 than thats jailbait
Wed Jun 11 10:50:42 +0000 2014,RT @JailbaitTwit: How delicious is this? #teen #jailbait #tittytuesday http://t.co/U1VT4uhvNx
Wed Jun 11 14:14:53 +0000 2014,RT @ukgirlsxxx: #TeenThursday #teenselfshot #jailbait #schoolies #UkSluts http://t.co/qbcWSZZilB
Wed Jun 11 16:16:57 +0000 2014,Now watching // JailBait
Sun Jun 08 22:49:02 +0000 2014,#teen #jailbait http://t.co/YiubIXYmjn
Sun Jun 08 22:55:18 +0000 2014,RT @YngGirlFan2: #jailbait http://t.co/3fztNLx1QS
Sun Jun 08 06:49:26 +0000 2014,@traaademark Lol thanks bae. I literally feel like one of those younger girls who try to look older than they are aka jailbait
Sun Jun 08 07:33:32 +0000 2014,RT @JailbaitTwit: This is why #jailbait rocks http://t.co/aLQgtYoPhg
Sun Jun 08 09:12:44 +0000 2014,RT @ukgirlsxxx: #jailbait @thesexpedition @blondebigirl @69Taylormac @P_K_W_180 @FilthyDirtyBoy @UkRealGirlPics http://t.co/PiQ4GCyUlH
Sun Jun 08 20:57:05 +0000 2014,LOL HE HASHTAGGED JAILBAIT http://t.co/CYcRQWGaJD FUCKING DISGUSTING @BuckNasty96
Sun Jun 08 11:20:32 +0000 2014,RT @ukgirlsxxx: #TeenThursday #jailbait @thesexpedition @DailyIncest @P_K_W_180 @FilthyDirtyBoy @UkRealGirlPics http://t.co/NAVw70OcOb
Sun Jun 08 08:16:52 +0000 2014,RT @YouWillJizz: Selfie time! =P  #Selfie #jailbait #naked #boobs http://t.co/ZvfFn2kGxN
Mon Jun 09 02:51:05 +0000 2014,"#rapecultureiswhen barely legal women are referred to as ""jailbait"""
Sun Jun 08 17:39:55 +0000 2014,RT @JailbaitTwit: I REALLY want her #teen #jailbait http://t.co/uCajZdjTD2
Wed Jun 18 18:23:00 +0000 2014,RT @slugcharmer: JESUIT JAILBAIT IM DYING http://t.co/dWpGmCAtYd
Thu Jun 19 01:22:55 +0000 2014,RT if you're jailbait
Wed Jun 18 20:42:14 +0000 2014,Jailbait everywhere. You're 14 take ya falsies off and enjoy being little
Wed Jun 18 20:11:15 +0000 2014,"@Sticky_Panties @JennyUpDestroy yep and she is jailbait,"
Thu Jun 19 02:41:39 +0000 2014,why would  want a guy want a jailbait girl over a good girl
Wed Jun 18 17:14:34 +0000 2014,Jailbait is a weird ass movie fr
Thu Jun 19 00:34:26 +0000 2014,"“@jailfucker: #nsfw #jailbait http://t.co/xOUHpu2e9e""”"
Fri Jun 13 22:26:37 +0000 2014,"RT @SandraFellingto: ""@Perfectselfshot: RT @JailbaitTwit: Dat #ass. #teen #jailbait http://t.co/R7hH0GxKnv"""
Fri Jun 13 22:44:09 +0000 2014,RT @92Tongo: #jailbait #pussy #young http://t.co/kF6KOAQOXm
Sat Jun 14 05:52:23 +0000 2014,I wasn't about to get my car washed by a bunch of jailbait.. Fckin cheerleaders
Fri Jun 13 12:54:39 +0000 2014,"RT @SandraFellingto: ""@Perfectselfshot: RT @YoungJailbait: Guess who's back. :') #jailbait #teen #nude #sex http://t.co/vXy0SzBiA6"""
Fri Jun 13 12:48:40 +0000 2014,RT @JailbaitTwit: Fantastic body. #teen #jailbait http://t.co/Ijjiem1ITO
Fri Jun 13 09:15:06 +0000 2014,#FriskyFriday #jailbait @thesexpedition @courtneyyyjanee @P_K_W_180 @UkRealGirlPics @WhiteGWednesday  x http://t.co/jebdeO8lM0
Fri Jun 13 10:46:59 +0000 2014,RT @watcherwebs: #jailbait http://t.co/WSKYSXftWI
Fri Jun 13 17:55:15 +0000 2014,"RT @girlswantcum: ""@PartiesGuilty: Young wild and free! #freakyfriday #FriskyFriday #selfie #sloshnextdoor #jailbait #teen http://t.co/l9Jt…"
Fri Jun 13 17:08:08 +0000 2014,#jailbait #topless #young - 2 http://t.co/aZIWqCpXlu
Sat Jun 07 22:39:17 +0000 2014,RT @fuqhype: jailbait lmao 🔞
Sat Jun 07 12:12:44 +0000 2014,RT @SuperCuck: U know u would put your cock in between them tongues #jailbait #sluts http://t.co/kTpCyfNe
Sat Jun 07 21:37:14 +0000 2014,"RT @tdalltop: ""@JailbaitTwit: Everything about this is fantastic #teen #jailbait http://t.co/zNd5NTGFas"" Your just teasing now"
Sat Jun 07 21:12:13 +0000 2014,RT @jeremSenpai: Jailbait af RT @thelittleti: 🚣 http://t.co/UWaegKDcIE
Sun Jun 08 00:01:27 +0000 2014,RT @YngGirlFan2: #jailbait http://t.co/qkUh2bjdC9
Sat Jun 07 13:53:17 +0000 2014,RT @YngGirlFan2: I'd teach these dirty girls some manners #jailbait http://t.co/8AUjCi6p9Q
Tue Jun 10 15:04:16 +0000 2014,#TityTuesday #UkSluts #jailbait http://t.co/rRFuMaSTSI
Tue Jun 10 06:39:07 +0000 2014,RT @JailbaitTwit: Who wants this #jailbait? http://t.co/9rgRApCX3j
Wed Jun 11 04:03:52 +0000 2014,RT @JailbaitTwit: Not bad :) #teen #jailbait http://t.co/gCATKUIANR
Tue Jun 10 09:16:11 +0000 2014,RT @creepingv2dot0: Shy pose #mirrorshot #mirrormonday #realgirls #jailbait http://t.co/NiwlrlOzKV
Tue Jun 10 20:38:26 +0000 2014,RT @Leaked_snaps12: “@JailbaitTwit: Oh yes #teen #jailbait http://t.co/daWQDOZde9”
Wed Jun 11 02:02:32 +0000 2014,RT @yunguzumaki: Sarah ; The Ultimate Jailbait
Wed Jun 11 02:34:16 +0000 2014,Every hot guy is a youngin on the pier tonight #damnit #jailbait
Tue Jun 10 14:57:58 +0000 2014,Handbra heAven #Tittytuesday #teen #realgirls #mirrorshot #selfie #teen #jailbait http://t.co/zya2dbfhN4
