created_at,text
Thu May 31 06:43:24 +0000 2012,there is an /r/jailbait is this a joke is this legal wtf
Thu May 31 06:06:11 +0000 2012,"everybody give @hannahisginger a follow today, because it's her birthday, i love her and she's no longer jailbait ;-)"
Thu May 31 21:23:30 +0000 2012,#jailbait
Thu May 31 21:41:00 +0000 2012,http://t.co/2LcQFbHG nude sx girls beach boob jailbait
Thu May 31 14:59:17 +0000 2012,RT @TarkanFahri: Jailbait is such a funny word lmao
Thu May 10 02:54:57 +0000 2012,"@fuckkourtney as long as you get something done, cuz I'm still jailbait :( go check out the website though, the artists this year are sick!"
Wed May 16 06:47:22 +0000 2012,Long as the numbers not 17 or younger lol #JailBait
Wed May 16 12:23:27 +0000 2012,"#OldSchool – Jailbait by Motörhead, from #SoundHound http://t.co/gVc3uhF0"
Thu May 17 02:50:16 +0000 2012,http://t.co/CO1erVF9 topless jailbait 3d loli boy stacey
Thu May 24 04:03:37 +0000 2012,@Harry_Styles ........Always knew you were JAILbait.(;
Wed May 23 07:03:12 +0000 2012,@__faggot haha yesss!!! #pedophiletweet you're technically jailbait to me! Lmao
Wed May 23 17:12:32 +0000 2012,"RT @britany_carp: @TierKnee I've come up with a name for this person we've been discussing ""jailbait"" what do u think?!?! hahaha #loser"
Sat May 12 20:40:05 +0000 2012,"Go follow @girlnotes she has amazing tweets that girls ALL ages can relate
to especially us jailbait girls!!! #followfollowfollow #nownownow"
Sat May 12 11:01:15 +0000 2012,@JJ_RedSweeney everyone knows jailbaits come out of hibernation in the summer
Sat May 12 10:48:19 +0000 2012,"@OzzyTheRocker admit it, you love the jailbait"
Sat May 12 19:07:34 +0000 2012,Why are these can-can girls in this opera I'm doing all 15 jailbait... Are they trying to get all the men arrested? #challangeaccepted
Fri May 25 22:54:32 +0000 2012,your probably single because you make it clear to everyone how desperate you are. stop liking jailbait photos and find someone your own age
Sat May 26 05:43:18 +0000 2012,You still going to Milltown tho? 😳“@Georgio_Armanii: Miltown was Jailbait central”
Sat May 26 04:54:24 +0000 2012,"RT @trevleeps: #YouKnowYoureFromWayzata when baby douches roll into taco bell at night and start having a ""gun show"" #jailbait"
Fri May 25 16:33:46 +0000 2012,@GreeneBri @Holocryptic 16-year-olds who refer to themselves as jailbait should be shipped instantly to Mexico where The Age is 12.
Sun May 06 22:44:59 +0000 2012,Random high school boy told me he wished I had taught him sex ed...both appalled and flattered. #jailbait
Sun May 06 20:32:25 +0000 2012,"Jailbait, naive, immature and fucking stupid describes you"
Mon May 07 03:53:06 +0000 2012,"Oh my god, i really sweat this 16 year old... Shit. #Jailbait"
Mon May 07 03:15:41 +0000 2012,I've remembered why I don't go out in Luton anymore #shit #jailbait #buttersjailbait
Sun May 06 21:00:52 +0000 2012,Have fun babysitting your jailbait.
Sun May 06 17:42:02 +0000 2012,"Getting dirty looks off of Chavvy Jailbait for wearing a badge which says ""Free Drugs"" on it. Lol I'm gr8."
Mon May 07 00:51:30 +0000 2012,can't wait to no longer be jailbait
Thu May 24 15:10:26 +0000 2012,School girls talk about there jobs on social networks and neglect to mention there age smh #ricksters #JailBait O.o
Fri May 25 01:44:02 +0000 2012,RT @Soo_Juicyy: @RhapsidyBieber Jailbait Haha
Thu May 24 08:50:49 +0000 2012,RT @ChefRoble: Walking to the kitchen.&gt;RT @_madeinSOMALIA: @ChefRoble LOL Negatory ! I'm not jailbait . go make me a sandwich now &am ...
Fri May 25 02:08:36 +0000 2012,"@ramon11593 lmfao wait, I never said that! haha just don't go after jailbait &amp; you'll be fine! (:"
Thu May 24 13:53:30 +0000 2012,RT @alettecoooper: Who's the jailbait cunt in the new shape clio? Bore me later doing laps round the roundabout. Where did you get your  ...
Tue May 29 04:44:45 +0000 2012,"@1HoneyDipp8 guys...stay away from the young girls,even if your only friends.Regardless,your friends will stay talking shit.""JailBait"". t-.-"
Mon May 28 19:38:25 +0000 2012,Made in chelsea and trash mondays/jailbait #lovemondays
Mon May 28 19:44:02 +0000 2012,Am glad scotland never got to the euros now #jailbait
Mon May 28 13:50:26 +0000 2012,@kjmccord @telfordfc94 @phipps93 hahahaha! Jailbait!
Sun May 20 01:10:50 +0000 2012,“@hoopastank44: Dropped the bar of soap four times in the span of a minute. Good thing im not incarcerated lol lol” #jailbait
Sat May 19 07:10:30 +0000 2012,Only 2 more months until I give up my title of Jailbait Queen. Bittersweet.
Sat May 19 07:30:43 +0000 2012,"Jailbait blocking my newsfeed go away, wait is sixthform still jailbait ..can I say that?"
Sat May 19 09:29:14 +0000 2012,@GE0RGi0ARMANi jailbait!
Sat May 19 20:28:56 +0000 2012,cute hot teens: http://t.co/vP5FU7Qc #anarchy #jailbait
Tue May 22 22:52:30 +0000 2012,Hold up...when the heck did Diggy get so handsome?! Is he even legal?? #jailbait LOL
Wed May 23 05:59:30 +0000 2012,JAILBAIT AHAHAHAHA
Tue May 22 23:52:05 +0000 2012,"Old creepy guy: ""how old are you?"" me: ""17"" old creepy guy: ""oh we'll you're very beautiful"" me: ""thanks"" *runs into car* lol #JailBait ✌"
Tue May 22 21:17:04 +0000 2012,"@rfcbluebelle its jailbait innit ! 1 bad monever in the bed room , man could be killed #ManDown lol"
Tue May 22 21:31:37 +0000 2012,A lot of young girls look more developed than older girls smh. So please put your age up in your bio bc I dont want jailbait.
Tue May 22 17:12:56 +0000 2012,17+ . Not fuckin w| the youngins (JailBait)
Wed May 23 00:53:45 +0000 2012,RT @TheJoeyWay: @Moooooshell_ who is Carragan? If she's another jailbait piece of meat I'm going to jump off a cliff.
Wed May 23 00:02:52 +0000 2012,"RT @GirlsNLoud: My Girl Gay But Im Straight, Lick The Icing Its Not Cake, drop the soap so I'm jailbait #2ChainsJailLyrics"
Tue May 22 19:01:37 +0000 2012,"If u live that jailbait life, then Richmond Hill would b Paradise 4u!"
Tue May 22 13:29:10 +0000 2012,@imsogroove but wat does jailbait mean? does it mean anything?
Tue May 22 13:29:10 +0000 2012,@imsogroove but wat does jailbait mean? does it mean anything?
Thu May 31 05:43:46 +0000 2012,Morgan Eastwood is total jailbait! She doesn't look 15! http://t.co/nu0HET6T
Wed May 30 07:36:33 +0000 2012,RT @yert_LeFlirt: I aint know @_chabria2x was jailbait……………
Wed May 30 11:53:55 +0000 2012,http://t.co/I0tsIinq teen spandex jailbait self shot s
Wed May 30 17:06:30 +0000 2012,"Why would you post pictures of you and your gang drinking in a local Car park? Remember, Stay classy Jailbait members! ;)"
Wed May 30 19:26:49 +0000 2012,@AngelaN83 I figured from the 83- some jailbait chick tweeted at me a few weeks ago - I'm 27
Wed May 30 19:43:21 +0000 2012,Why would anyone upload a photo to that 'World's Most Beautiful Teenager' and be serious? Oh yes annoying year 8 jailbait. #sadcunts
Wed May 30 19:51:33 +0000 2012,#xxx #porn #tits My Sisters 12th Grade Friend Has Wanted My Dick Since She Was Jailbait  http://t.co/4ICUlnaj
Wed May 02 05:40:52 +0000 2012,Baby lesbian and big lesbian. Oh how jailbait has grown &lt;3 http://t.co/undKWxie
Tue May 01 18:59:54 +0000 2012,http://t.co/isJgD2pd wet pussy hole Underage jailbait preteen slut fucks her teen boyfriend and
Wed May 02 01:57:55 +0000 2012,@mutascio10 chill haha...#Jailbait:-(
Tue May 01 09:33:26 +0000 2012,@ellyperry she's 26 you know! You'd think jailbait but really not!
Tue May 01 09:25:06 +0000 2012,@sammpearcee01 hahhaa just a jailbait really
Tue May 01 23:54:48 +0000 2012,RT @itsbudgell: “@Alyssa_Ritz: I wish there was a 17 year old version of RA dickey. I would so wanna go out with that person.” #jailbait
Tue May 01 21:51:05 +0000 2012,"Some 16, 17 and 18 year old lads are so mature and stuff, talk about fucking jailbait!"
Tue May 01 17:27:20 +0000 2012,@ToniJbieberx JAILBAIT.
Thu May 03 22:29:05 +0000 2012,RT @lilianaire: I'm at that awkward stage between jailbait and cougar.
Fri May 04 05:59:08 +0000 2012,@Lovee_Rainbowsx umm your jailbait im legal you go to bed
Thu May 03 18:48:20 +0000 2012,@SamHowe_ don't get me started jailbait Ian #kenabdbarbie
Thu May 03 18:41:40 +0000 2012,"Oh Jailbait you know i gotcha... Next time just come.... RT @JetLifeLidz @SexyShida Lol Me, I Would Want To Shop And Stuff."
Fri May 04 01:43:04 +0000 2012,"明日です！　maebashi DYVER presents
【O.A】the Jailbait
FiLMA(東京)
Rhythmic Toy World(東京)
Annie
OPEN 17:30/ START 16:00
前売 \1,500+D / 当日 \1,800+D"
Fri May 04 02:36:06 +0000 2012,"“@Rhonnalyn_doe: Liking someone , but the state laws #jailbait 😍🔫🔫🔫” told u! Statutory rape!"
Thu May 03 17:35:24 +0000 2012,@AtomicBeauty_93 lol #JailBait
Thu May 03 17:58:12 +0000 2012,@RemelBL because of jailbait?
Thu May 03 19:03:52 +0000 2012,Is a teen mom a milf or jailbait?
Thu May 03 19:03:52 +0000 2012,Is a teen mom a milf or jailbait?
Mon May 14 22:33:32 +0000 2012,"&amp; my nickname at school is jailbait. 
lovely."
Tue May 15 04:42:39 +0000 2012,@jlopezosh lol calm down..guys swear they don't check out jailbait lol
Mon May 14 11:06:04 +0000 2012,@Annabelleee__ it's Cous the teachers r Pervs!! Hahahaha they love to see jailbait!
Mon May 14 13:03:45 +0000 2012,@Kni_Nasty well iI dont know no niggas like that. Lol. But u gotta like turn 18 or suttin cuz as pretty as u r you are still #jailbait lol
Mon May 14 16:05:01 +0000 2012,Lol u dnt look 25 !!!RT @Badd_bytch_007: Lol well im glad im 25 no jailbait over hereRT (cont) http://t.co/wFQD12Sq
Sat May 05 22:59:10 +0000 2012,@Immigrant_Hell thats why you jailbait :P
Sat May 05 22:33:03 +0000 2012,"Seth: ""You're talking about Kaitlin's transformation from horsey tweener to lanky-limbed jailbait?"""
Sun May 06 01:22:46 +0000 2012,RT @Boobie_Miles_: I'm startin to like tiny girls a lil \355\240\275\355\270\263 &gt; lmao on that jailbait tip
Sat May 05 07:52:52 +0000 2012,RT @JaimeHarper_: I'd like to wish my chinky friend @AlanahBrooke_ a very happy birthday. Congrats on not being #jailbait anymore. Love  ...
Sat May 05 21:07:22 +0000 2012,when I get dressed up I look 20 in reality im 17 -_- #JailBait
Sat May 05 21:23:31 +0000 2012,"@BanGAsh91 ASH! Hiiii! LOL yeah, kpop's so dry now anyway, noone goes cept the jailbaits lool. I swear ur always up in bham anyway?"
Sat May 05 16:54:29 +0000 2012,@Dempstaa Yes JailBait #AgeQuickBitch xx
Sat May 05 16:19:52 +0000 2012,@JonathanCheban seen any good jailbait lately?
Mon May 21 18:00:16 +0000 2012,I dont approach bitches here. Its not safe. Most of the bitches runnin around are fuckin jailbait lookin grown. I jus play it safe n stfu.
Tue May 22 01:22:22 +0000 2012,why are you a grown ass man trying to talk to a 14/15 year old . #JAILBAIT
Mon May 21 23:33:03 +0000 2012,@_bit_simple @holliewells_x maybe she just likes looking like a convic.. or jailbait either or..
Mon May 21 17:43:39 +0000 2012,@Shari_Marlene u hitting on the jailbait Hun? Lol!
Mon May 21 17:50:11 +0000 2012,Listening to Motörhead - Jailbait coz Curley's wife x x
Mon May 21 17:16:12 +0000 2012,RT @pensive1: Why are mountain boys actually men at 16? God the jailbait factor made me feel like pedobear.
Mon May 28 05:45:06 +0000 2012,“@FunkWalk: Joe walker takes fake Id's” good because I'm jailbait.
Mon May 28 05:09:09 +0000 2012,boo you whore 😂 love you 😘 RT @hilary_allemand I love my lil @amsie_ #bff #littleslut #girlcrush #jailbait 😂☺💚👯
Mon May 28 01:25:54 +0000 2012,RT @bradyszuhaj: Last 2 and a half hours of being 17. Ready to ring in the jailbait.
Mon May 28 04:17:21 +0000 2012,20 hangin with 15 year olds #JailBait
Sun May 27 20:28:12 +0000 2012,@sophiekean you're a cougar #jailbait
Mon May 28 03:06:03 +0000 2012,@Sbs_Choice I kno none of them and they all jailbait lmao
Mon May 28 00:17:57 +0000 2012,"When jailbait girls roam arounds streets, day and night, begging for attention from any ""man"" #DickheadTing #FixUp"
Sun May 27 16:49:06 +0000 2012,@avenwesker HAHAHA! Ha oui c’est vrai… t’es pu du jailbait material…
Tue May 29 15:30:28 +0000 2012,Aerosmith - Jailbait: http://t.co/ktkonxeb via @youtube
Tue May 29 18:43:55 +0000 2012,RT @thugby: Here's a vid of reddit co-founder @kn0thing blaming kids for pedos stealing their pics to put on r/jailbait http://t.co/zt2FvhmD
Tue May 29 07:11:41 +0000 2012,"Why has there been a surge in paedophiles? I am taking these jailbait socks off, stop looking at my legs you old man"
Wed May 30 03:04:15 +0000 2012,@GetRachet Ol Jailbait. Lol
Tue May 29 23:04:42 +0000 2012,Okay so why are all the cute boys underage? This has become a concern. #jailbait #lookatyouoverthere #stopit
Wed May 30 02:14:24 +0000 2012,"ATTENTION: My daughter just got on Twitter! She is blocked from my acct, but SHE IS 17, therefore ILLEGAL and OFF LIMITS! #jailbait"
Tue May 29 21:38:10 +0000 2012,"@donnaleet89 ur goin straight to hell anyway, i wdnt bother puttin reins on u #naehope #jailbait"
Tue May 29 14:31:13 +0000 2012,CampLive 2 (200P) http://t.co/Yum5m8WP #anarchy #jailbait
Fri May 04 18:59:58 +0000 2012,RT @harrys_cousin: Jailbait trying to talk to me #help
Fri May 04 11:57:43 +0000 2012,@swarvjarvie i can't even watch the screen when a ball comes into our box when we have big Mertesacker and Djouro defending :( #JailBait
Sat May 05 02:18:32 +0000 2012,RT @karleeejayyy: Jailbait like shiiiit
Fri May 04 16:01:02 +0000 2012,"&gt;&gt;&gt;&gt; jailbait runnin' around like its cute or something to wear really tight fitting clothes - I mean .. do you boo, just don't get caught."
Wed May 02 07:48:37 +0000 2012,#MyPornMovieTitle Jailbait -16 &amp; pregnant -RZ
Wed May 02 21:20:44 +0000 2012,cute hot teens: http://t.co/lDVFWLDL #anarchy #jailbait
Wed May 02 17:12:56 +0000 2012,@morgentrips #jailbait
Thu May 17 15:39:35 +0000 2012,RT @savingracemusic: New single by @iam_savvy #Jailbirds &amp; #Jailbait feat @JackFlashUK out NOW on @itunes only 79p &gt;&gt;&gt; http ...
Thu May 17 22:03:31 +0000 2012,@MizzRuby_x oiii I'm following you again #jailbait don't let ya twatter mummy down now ya hear? Xxx
Fri May 18 02:45:33 +0000 2012,"RT @ehilbig: if you look like your 12, please stop tweeting about sex.... #jailbait #backinyourcage #babyprostitute"
Thu May 17 21:13:44 +0000 2012,@LightMeUp_nBlow aa d jailbaits gettin go pwell soo bad............
Mon May 21 01:57:42 +0000 2012,RT @earlxsweat: Jailbait is why i keep tweets appropriate for the most part you feel
Mon May 21 01:56:57 +0000 2012,RT @earlxsweat: Jailbait is why i keep tweets appropriate for the most part you feel
Sun May 20 08:12:41 +0000 2012,"You know im not one, to break ankles.... At the end, your still my jailbait lol im so fucking funny"
Mon May 21 02:02:22 +0000 2012,RT @earlxsweat: Theres no such thing as a nigga being jailbait. #fact
Mon May 21 02:10:04 +0000 2012,RT @earlxsweat: Theres no such thing as a nigga being jailbait. #fact
Mon May 21 02:09:03 +0000 2012,Me: If im 16 I cant be jailbait right? @sbjunkie213: ughh.... You could be juvybait.....LMAO
Mon May 21 02:05:04 +0000 2012,RT @earlxsweat: Correction: no such thing as a nigga under 16 being jailbait. #fact
Mon May 21 02:05:04 +0000 2012,RT @earlxsweat: Theres no such thing as a nigga being jailbait. #fact
Mon May 21 02:03:57 +0000 2012,RT @earlxsweat: Theres no such thing as a nigga being jailbait. #fact
Sun May 20 17:28:51 +0000 2012,Jen asks her brother to count his pubes! #incest #jailbait #pedo
Mon May 21 00:30:06 +0000 2012,@Eddie6714 haha I love this movie. lol just call me #jailbait
Mon May 21 00:07:18 +0000 2012,@Coryleft45  that cassandra girl you keep flirting with on instagram? yeah she's in 7th grade you pedophile #jailbait
Sun May 20 16:17:13 +0000 2012,#jailbait I can't but you a cutie
Wed May 16 04:15:08 +0000 2012,RT @CuffzAndChainz: Jailbait so young smh he still my homie ^_^
Tue May 15 08:10:06 +0000 2012,Jailbait bani jailer :D Tihar LOL
Tue May 15 23:49:09 +0000 2012,Jailbait.
Tue May 15 23:21:28 +0000 2012,@juscallmeray Jailbait
Sun May 27 05:57:42 +0000 2012,@disquietville You mean the jailbait?
Sat May 26 11:18:42 +0000 2012,The mic seems to be rather happy with the attention. #sbseurovision #jailbait
Sun May 27 03:33:31 +0000 2012,But fr definitely looked like some damn #jailbait
Sun May 27 02:55:16 +0000 2012,@clintsawyer #interstatetweet #death #jailbait
Sun May 27 00:19:38 +0000 2012,Casually getting carded buying left 4 dead 2. #jailbait #im21 #wtf
Sat May 26 19:24:51 +0000 2012,RT @milkbutnotsugar: IT'S JAILBAIT BLINDFOLD BOY. #eurovision
Sat May 26 13:06:45 +0000 2012,RT @carmoede: Respect voor alle meisjes en vrouwen die zich niet als jailbait gaan kleden door dit weer. En voor alle mannen die gwn hun ...
Fri May 11 23:34:47 +0000 2012,#NP AVICII - JAILBAIT
Sat May 12 02:55:05 +0000 2012,@a_mstewart @mollyannewing the boys like it ....middle school boys ... #awkward #jailbait
Tue May 08 15:47:41 +0000 2012,ok now awake after seeing jailbait bjd face :I why are they manufactured omg #negativeexternality
Tue May 08 15:06:18 +0000 2012,RT @LuiiBadass: @PurpleKissJoti LOL! still jailbait ❤
Tue May 08 18:01:53 +0000 2012,"RT @jasminedacostax: I don't get why a boy has to stick it any hole, boys standards have lowered a lot going for the jailbait munters -.-"
Wed May 09 01:19:56 +0000 2012,"♫ soundtracking ""Jailbait (Original Mix)"" by Avicii http://t.co/sVYAtUkJ"
Tue May 08 09:36:05 +0000 2012,"Christina Milian was much hotter as bubblegum pop jailbait than R&amp;B oil-covered temptress, y/y?  #brbprison"
Tue May 08 23:10:18 +0000 2012,@ScottChilcott1 just remember 10 will get you 20 #jailbait
Tue May 08 17:42:33 +0000 2012,@brii_reyes #jailbait #swagg
Fri May 18 15:51:09 +0000 2012,JAILBAIT ZOMBIE.
Sat May 19 03:04:22 +0000 2012,Jailbait.
Sun May 13 15:01:01 +0000 2012,"Dear women who look like jailbait, you should apply to work for @chrishansen lol"
Sun May 13 18:04:49 +0000 2012,"@Joey7Barton Doubt you'll be at QPR next season you mindless tit, #jailbait"
Mon May 14 01:39:27 +0000 2012,"RT @angel_axiotis: being 15 sucks because older hot guys consider me ""jailbait"" ."
Mon May 14 03:51:50 +0000 2012,#xxx #porn #tits My Sisters 12th Grade Friend Has Wanted My Dick Since She Was Jailbait  http://t.co/nW57uDVT
Mon May 14 03:07:08 +0000 2012,@NotoriousMbu is in twitter jail #jailbait hahaha
Sun May 13 23:01:54 +0000 2012,bit rude to call someone jailbait when u've never spoken to them?!
Sun May 13 21:31:29 +0000 2012,"RT @horasperdidas: UNIVERSITARIAS BORRACHAS Y JAMES FRANCO, ¿QUÉ PODRÍA SALIR MAL?: Nuevas imágenes de 'Spring Breakers'. Puro Jailbait. ..."
Sun May 13 21:20:30 +0000 2012,@ozetadev They already do that though. They deleted /r/jailbait.
Sun May 13 19:50:46 +0000 2012,"#xfactorslo Ampak 15 fakin let, to bo moja tamala, ko bo 1x tok stara, kot je zdaj, pa je bila včeraj dojenček. #wrong #jailbait"
Mon May 07 22:31:33 +0000 2012,#OneThingIDontLike. When people go behind your back and lie but then you find out #jailbait
Mon May 07 18:52:02 +0000 2012,She doesn't look 14...#BGT #Jailbait.
Tue May 08 01:29:03 +0000 2012,Hailey Mathers? #fine #jailbait
Mon May 07 20:38:55 +0000 2012,@LackieMartin jailbait mate eh?! You going east of scotland man?
Tue May 08 03:47:40 +0000 2012,"RT @thugby: In contrast, it took many years before Reddit took down the jailbait subreddit, due mainly to pressure from Anderson Cooper + SA"
Mon May 07 23:18:51 +0000 2012,"@Claremonster also r/jailbait was one of the most viewed subreddits and would show up on the first page of a google search of ""reddit"""
Mon May 07 19:34:02 +0000 2012,Kai is fit #jailbait #bgt
Thu May 10 15:11:51 +0000 2012,And for having the largest group of #jailbait hostesses known to man!! #lockmeup #donttellmama #brahthoughts #gentlemanfeelings @Munnemun
Fri May 11 01:47:21 +0000 2012,First post http://t.co/ndigut7l #anarchy #jailbait
Thu May 10 09:33:50 +0000 2012,@WillGJHolt1 I'm not dopey but how do I act like I'm jailbait though?
Thu May 10 23:35:47 +0000 2012,"@Peakooo mooooovin on 
#jailbait"
Thu May 10 14:47:29 +0000 2012,RT @dannydavis9411: Mansion is the new talk !!! Only difference is the jailbait in mansion all on the pills
Thu May 10 14:28:35 +0000 2012,@jmatthewson10 @natashapearce @dallesio91 yeah mate love then young #jailbait
Fri May 11 00:52:42 +0000 2012,RT @kalakelley_: Lol jailbait
