created_at,text
Sun Aug 31 18:04:41 +0000 2014,RT @_nicholita: @_xnatyx_ let me be your stepaunt if he's 30 I'm 29 I'm not jailbait I promise
Mon Sep 01 01:52:12 +0000 2014,"RT @omgitsAli_: Even tho Riley is 19, he still feels like jailbait to me."
Mon Sep 01 03:31:16 +0000 2014,#jailbait #redhead http://t.co/o0Ns5HXUmo
Sun Aug 31 23:30:09 +0000 2014,&gt; http://t.co/eza1mcEB98 &lt; #teen #amateur #homemade #pussy #porn #jailbait #girlfriend #young #jailbait #selfie #tits http://t.co/CV4XCORhCe
Mon Sep 01 02:12:41 +0000 2014,plot twist: jailbaits turn me on
Sun Aug 31 21:20:02 +0000 2014,&gt; http://t.co/zZvOomUffg &lt; #teen #amateur #homemade #pussy #porn #jailbait #girlfriend #young #jailbait #selfie #ass http://t.co/lOrfnGM6Ja
Sun Aug 31 19:10:10 +0000 2014,&gt; http://t.co/xw9MYRcRhV &lt; #teen #amateur #homemade #pussy #porn #jailbait #girlfriend #young #jailbait #selfie #tits http://t.co/BW8U5IE9YY
Sun Aug 31 19:54:14 +0000 2014,This dude tried to hit on me and I said I was 15 and he was 17 and he called me jailbait wtf nigga ur jailbait
Sun Aug 31 16:02:19 +0000 2014,IS JUNGKOOK STILL A JAILBAIT???? NOOOO????
Sat Aug 09 15:36:34 +0000 2014,Najong gt2 dia masih 16 taun masa gue naksir jailbait &lt;//////3
Sat Aug 09 15:19:07 +0000 2014,RT @JailbaitTeens: What a little cutie. I'd love to see a lot more of her ;) #jailbait http://t.co/pdndZS5yPA
Sun Aug 10 04:32:24 +0000 2014,RT @Polishpiceofass: #jailbait #dupy #teen @Denisxo @the1stMe420 @PollaPrenadora @OH_Eddy @totonopolis @3rdAlarm69 @ukgirlsxxx @Naie_O http…
Sat Aug 09 07:34:58 +0000 2014,"@coolfeyrac I'm too gay for jess don't worry about me but 
Jailbait"
Sat Aug 09 09:50:04 +0000 2014,Photo: jailbait: 田武志作品展　ナマエのないカタチ http://t.co/Aspj3ikNA5
Sat Aug 09 20:09:12 +0000 2014,RT @Inhousecork: #cheeky #teens #jailbait #cheerleader @teengirlschol @PeepersCreepers http://t.co/VG8TqHZtNt
Sat Aug 09 23:23:27 +0000 2014,RT @JrCaldarola: The best part of last night was @NathanBonds and I being hit on by incoming freshman 😂😭 #jailbait
Sat Aug 09 21:46:46 +0000 2014,Naked teen spread selfie -&gt; http://t.co/QgEqhVZp5l &lt;- #teen #amateur #homemade #pussy #porn #jailbait #girlfriend http://t.co/a8GJHOeFzf
Sat Aug 09 21:42:24 +0000 2014,Cute naked teen selfie -&gt; http://t.co/lnCcwZsvdi &lt;- #teen #amateur #homemade #pussy #porn #jailbait #girlfriend http://t.co/n0SAQu9fpZ
Sat Aug 09 21:52:08 +0000 2014,Knickers down for teen selfie -&gt; http://t.co/4YlJ10ycEP &lt;- #teen #amateur #homemade #pussy #porn #jailbait #snapchat http://t.co/b2FYJ6I2i6
Sat Aug 09 21:32:42 +0000 2014,Rubbing her shaved pussy -&gt; http://t.co/nOGCrDTP56 &lt;- #teen #amateur #homemade #pussy #porn #jailbait #girlfriend http://t.co/No6MzauOVe
Sat Aug 09 21:18:30 +0000 2014,Leopard dildo in teen pussy -&gt; http://t.co/Ct8qlIgzuW &lt;- #teen #amateur #homemade #pussy #porn #jailbait #girlfriend http://t.co/1r3rZXMQH0
Sat Aug 09 21:51:23 +0000 2014,Teen pussy in mirror selfie -&gt; http://t.co/hWyA47d5Kc &lt;- #teen #amateur #homemade #pussy #porn #jailbait #snapchat http://t.co/7W56pNskqF
Sat Aug 09 21:51:50 +0000 2014,Teen bating pussy for selfie -&gt; http://t.co/nOGCrDTP56 &lt;- #teen #amateur #homemade #pussy #porn #jailbait #snapchat http://t.co/yaO54g8Und
Sat Aug 09 21:41:49 +0000 2014,Her tight ass hole selfie -&gt; http://t.co/hWyA47d5Kc &lt;- #teen #amateur #homemade #pussy #porn #jailbait #girlfriend http://t.co/otwIvCWAH6
Sat Aug 09 13:44:22 +0000 2014,#jailbait what a cute girl. ;) http://t.co/IE4hPEjlt7
Sun Aug 17 05:31:35 +0000 2014,@FergGames @hudsonwisler jailbait
Sun Aug 17 05:23:55 +0000 2014,"OMG, IM A DOCTOR AND THIS IS THE #HOTTEST #NSFWPic #NSFW #Photos I have ever SEEN!! IS THIS #JAILBAIT?! @cContest... http://t.co/Vm1cvXscNv"
Sun Aug 17 05:16:57 +0000 2014,"RT @bigjon8383: ""@davidthelad1: http://t.co/AguOUPb7GI"" what a body! #jailbait #young #legs"
Sat Aug 16 18:48:00 +0000 2014,RT @xXScotsTeenXx: My little #18yo #bumhole is sooo tight!  #Cum slip your #bigcock deep inside while pulling my hair! #jailbait #young htt…
Sun Aug 17 04:52:32 +0000 2014,"OMG, IM A DOCTOR AND THIS IS THE #HOTTEST #NSFWPic #NSFW #Photos I have ever SEEN!! IS THIS #JAILBAIT?! @cContest... http://t.co/odf6Q91W64"
Sun Aug 17 04:52:33 +0000 2014,"OMG, IM A DOCTOR AND THIS IS THE #HOTTEST #NSFWPic #NSFW #Photos I have ever SEEN!! IS THIS #JAILBAIT?! @cContest... http://t.co/aBGGaRLetR"
Sat Aug 16 07:17:18 +0000 2014,"@MysticSaiyaman @CallMeBeepMeKP_ o_O Yeah, I'm getting that impression. *Slowly backs out of the conversation &amp; away from the jailbait*"
Sat Aug 16 08:13:47 +0000 2014,RT @Iucreziaborgias: when asked who was most dangerous in bangtan almost everyone said jungkook because he's basically jailbait
Sat Aug 16 23:10:24 +0000 2014,"@_xrachelizabeth happy birthday my lil jailbait. Have a good day, I love you lots xxxxx"
Sat Aug 16 23:55:28 +0000 2014,"Don't even want to know your name
It's enough to know you feel the same
You're jailbait and I just can't wait
Jailbait baby come on

-Lemmy"
Sun Aug 17 02:39:29 +0000 2014,RT @jailbait_lover2: Cheerleaders #kickline #spandex #busty #ass #threesome #sexy #seductive #horny #school #jailbait #teens http://t.co/TC…
Sun Aug 17 02:12:24 +0000 2014,RT @allamateurgirls: #amateur #teen #selfie #amateurarmy #jailbait http://t.co/G5ewwqtRHQ
Sat Aug 16 19:02:42 +0000 2014,"RT @therme_theo: Gorgeous jailbait, wish it was me she was dressing like that for! http://t.co/pw2UYYySoP"
Sat Aug 16 16:20:52 +0000 2014,RT @hvpster: what teenage made this jailbait bullshit 🙅😂😴☕️ “@Angela480256: 😕 http://t.co/k5I9pD4vfe”
Sat Aug 23 22:00:59 +0000 2014,RT @jailbaitnl: #jailbait #jb #young #teen #youngteen #jailbaitnl #specialgirls #amateur http://t.co/9s1VmVdHBn
Sat Aug 23 22:07:11 +0000 2014,@gn19755854 @JailbaitTwit @nudeteens101 RT #SexySaturday  #tits #teens #jailbait #sexy #pussy #sluts #zoo #GBBS2014 http://t.co/m1BJq9UJwk
Sat Aug 23 22:06:52 +0000 2014,#jailbait #jb #young #teen #youngteen #jailbaitnl #specialgirls #amateur http://t.co/dgtrEyLb2G
Sun Aug 24 05:42:43 +0000 2014,I love being jailbait
Sun Aug 24 05:16:52 +0000 2014,RT @JulienKruspe: #amateur #jailbait #sex #teen http://t.co/YJuIvz5JYr
Sat Aug 23 20:34:28 +0000 2014,RT @PussyLoverGale: KIK: SexyNudeSelfies LADIES PLEASE SUBMIT #jailbaitteen #selfshotteen #jailbait #tits #teen #teenselfshot #selfie 😍😍😍 h…
Sat Aug 23 20:48:26 +0000 2014,#jailbait #jb #young #teen #youngteen #jailbaitnl #specialgirls #amateur http://t.co/G8AAiE8rPv
Sat Aug 23 08:59:22 +0000 2014,RT @jailbait: Holy Fuck. Sid Vicious' cover of My Way is being used in an Acura commercial. #INeverExpectedThat
Sat Aug 23 21:10:24 +0000 2014,RT @JulienKruspe: #jailbait #teen #sex #amateur http://t.co/wIWkLfOFN0
Sat Aug 23 21:01:03 +0000 2014,RT @EseDescarado: A #jailbait for this night http://t.co/sJs9jg0psq
Sat Aug 23 21:13:40 +0000 2014,RT @jailbaitnl: #jailbait #young #teen #youngteen #amateur  http://t.co/IA6vWpUhSS
Sat Aug 23 21:14:48 +0000 2014,RT @jailbaitnl: #jailbait #jb #young #teen #youngteen #jailbaitnl #specialgirls #amateur http://t.co/FmuHPI6mDM
Sat Aug 23 17:46:11 +0000 2014,RT @JulienKruspe: #jailbait  #amatuer #nsfw #teen  #followme http://t.co/TR7An7etwq
Sat Aug 23 14:49:22 +0000 2014,RT @ukgirlsxxx: #MagicMonday #jailbait  @_SororityGirls @P_K_W_180 @denmatai190 @Polishpiceofass @brndn1116 @michJ2121 @ThePawgBlog http://…
Sat Aug 23 13:38:29 +0000 2014,RT @69NishaGulati69: #TeenTits #jailbait #cleavage http://t.co/tDx4HQ9fZs
Tue Aug 12 15:10:15 +0000 2014,-&gt; http://t.co/AjpKdqepVI &lt;- #teen #amateur #homemade #pussy #xxx #girlfriend #jailbait #bate #dildo #shaved #horny http://t.co/f7wEnbhc8v
Tue Aug 12 18:42:11 +0000 2014,Sisters #incest #jailbait young #bikini http://t.co/x7TRDjEMeN
Tue Aug 12 06:30:16 +0000 2014,-&gt; http://t.co/GbScfud1Lf &lt;- #teen #amateur #homemade #pussy #xxx #girlfriend #jailbait #bate #dildo #vegetable #wet http://t.co/Mexm6EmuLY
Tue Aug 12 06:39:38 +0000 2014,#jailbait she's shocked cause daddy just opened the door..... http://t.co/7Jce37FEGB
Tue Aug 12 12:10:09 +0000 2014,&gt; http://t.co/bSrkhVpKJk &lt; #teen #amateur #homemade #pussy #xxx #girlfriend #jailbait #bate #dildo #wet #horny #cute http://t.co/nvEncgZpmt
Tue Aug 12 12:10:48 +0000 2014,"RT @therme_theo: Jailbait, left or right? http://t.co/F6mzc6cO4W"
Wed Aug 13 04:03:12 +0000 2014,ima forever be jailbait until im legal because i dont talk to nobody but older guys . o well idc .
Tue Aug 12 07:10:05 +0000 2014,-&gt; http://t.co/AjpKdqepVI &lt;- #teen #amateur #homemade #pussy #xxx #girlfriend #jailbait #bate #dildo #black #shaved http://t.co/8wUDEXFVoO
Tue Aug 12 07:07:50 +0000 2014,"Me: How old are you?
Guy: 18
Me: 17
Guy: Oh shit! Jailbait keep it pushin', hmu around your birthday, I can't be doing this shit.
Me: What?"
Tue Aug 12 20:20:05 +0000 2014,&gt; http://t.co/8cBmdY9RDM &lt; #teen #amateur #homemade #pussy #xxx #girlfriend #jailbait #bate #dildo #wet #tight #pink http://t.co/76lCvbGIjh
Tue Aug 12 20:40:09 +0000 2014,-&gt; http://t.co/zZvOoncoto &lt;- #teen #amateur #homemade #pussy #xxx #girlfriend #jailbait #bate #dildo #wet #horny http://t.co/udq0h4Sxwm
Tue Aug 12 11:29:59 +0000 2014,Jailbait
Wed Aug 13 03:45:46 +0000 2014,777- You're still jailbait. I still find you attractive. Don't lose the beard or you'll be dead to me. ❤️
Tue Aug 12 08:30:11 +0000 2014,-&gt; http://t.co/bSrkhVpKJk &lt;- #teen #amateur #homemade #pussy #xxx #girlfriend #jailbait #bate #dildo #bottle #tits http://t.co/fotfDYCqOE
Tue Aug 12 23:43:41 +0000 2014,@LilMommaTwanky #jailbait
Wed Aug 13 02:12:15 +0000 2014,RT @Polishpiceofass: #jailbait #dupy #hot @_SororityGirls @P_K_W_180 @ukgirlsxxx @the1stMe420 @WeFapToThis @wolfshadow007 @OH_Eddy @Naie_O …
Tue Aug 12 21:20:14 +0000 2014,-&gt; http://t.co/xw9MYQVOfV &lt;- #teen #amateur #homemade #pussy #xxx #girlfriend #jailbait #bate #dildo #rubbing #clit http://t.co/7lQDBbLxgC
Tue Aug 12 19:40:17 +0000 2014,-&gt; http://t.co/AjpKdqepVI &lt;- #teen #amateur #homemade #pussy #xxx #girlfriend #jailbait #bate #dildo #anal #tight http://t.co/LKfK423TtE
Tue Aug 12 16:30:21 +0000 2014,-&gt; http://t.co/nk7RcfbzsU &lt;- #teen #amateur #homemade #pussy #xxx #girlfriend #jailbait #bate #dildo #anal #glass http://t.co/z5dRATENDZ
Mon Aug 25 15:10:02 +0000 2014,--&gt; http://t.co/oxlq3xSkk2 &lt;-- #teen #amateur #homemade #pussy #porn #jailbait #girlfriend #horny #naked #tits #babe http://t.co/5OBo1RCyK0
Tue Aug 26 05:14:25 +0000 2014,"“@JohnHefley: Selfie:
Snapchat: custerdeannaaa
Insta: ^
City: baltimore
Jailbait or nah: NAH
You know what to do💁😋” http://t.co/FqlxA6SNg2"
Mon Aug 25 18:30:34 +0000 2014,--&gt; http://t.co/dd8HAFBIGC &lt;-- #teen #amateur #homemade #pussy #porn #jailbait #girlfriend #topless #tits #beach http://t.co/p0VHLPgSms
Mon Aug 25 18:20:18 +0000 2014,-&gt; http://t.co/dd8HAFBIGC &lt;- #teen #amateur #homemade #pussy #porn #jailbait #girlfriend #bra #hotpants #young #cute http://t.co/27Caa7zw8v
Mon Aug 25 06:20:05 +0000 2014,--&gt; http://t.co/zZvOomUffg &lt;-- #teen #amateur #homemade #pussy #jailbait #girlfriend #shaved #creampie #ass #knickers http://t.co/1skXt1ZVEz
Tue Aug 26 01:45:20 +0000 2014,RT @teenvandedag: #young #youngslut #jailbait #camgirl #selfie #sexyteen #girl #amateur #teen #jb http://t.co/YmKkeX8QGM
Tue Aug 26 04:18:51 +0000 2014,"“@JohnHefley: Selfie:
Snapchat: mhkaysammyy
Insta: mhkaysammyy
City:
Jailbait or nah: naah 😏
You know what to do💁😋” http://t.co/301VJEP5G1"
Tue Aug 26 04:55:01 +0000 2014,RT @ugrsk1: #hot #jailbait #teens #girls http://t.co/0AON5I5Mus
Tue Aug 26 04:12:14 +0000 2014,#hot #jailbait #teens #girls http://t.co/0AON5I5Mus
Mon Aug 25 07:00:04 +0000 2014,--&gt; http://t.co/ijQzl3CKII &lt;-- #teen #amateur #homemade #pussy #porn #jailbait #girlfriend #shaved #tits #topless http://t.co/7YE2VBiA4b
Mon Aug 25 09:52:12 +0000 2014,RT @69NishaGulati69: #jailbait http://t.co/Upzrou6T9M
Mon Aug 25 09:23:50 +0000 2014,RT @JulienKruspe: #jailbait #nsfw #teen #amateur http://t.co/ImgJ3WDCTd
Mon Aug 25 11:00:27 +0000 2014,--&gt; http://t.co/xw9MYRcRhV &lt;-- #teen #amateur #homemade #pussy #porn #jailbait #girlfriend #shaved #pink #bath #tits http://t.co/kgoDjwak6i
Mon Aug 25 11:50:11 +0000 2014,--&gt; http://t.co/LjpoZfpdNb &lt;-- #teen #amateur #homemade #pussy #porn #jailbait #girlfriend #hard #nipples #sea #beach http://t.co/Xsvj2VCR7W
Mon Aug 25 11:16:50 +0000 2014,RT @sineadrose: @MiroticForever lol and the fact he's now referring to himself as jailbait! &amp;hearts;
Mon Aug 25 08:59:30 +0000 2014,"RT @aracelybi23: ""@BarleyLegalGals: #teen #milf #young #old #dildo #sex #xxx #ass #jailbait #fuck #masturbate #twitterafterdark #porn http:…"
Mon Aug 25 23:00:10 +0000 2014,--&gt; http://t.co/oxlq3xSkk2 &lt;-- #teen #amateur #homemade #pussy #porn #jailbait #girlfriend #threesome #blowjob #cock http://t.co/wj6gf87evG
Tue Aug 26 02:00:15 +0000 2014,--&gt; http://t.co/GbScfuu4Nf &lt;-- #teen #amateur #homemade #pussy #porn #jailbait #girlfriend #topless #tits #outside http://t.co/avu1QrEWuV
Mon Aug 25 17:39:42 +0000 2014,RT @BarleyLegalGals: #bewbs #pussy #slut #teen #milf #young #old #dildo #sex #xxx #ass #jailbait #fuck #masturbate #twitterafterdark #porn …
Tue Aug 26 00:00:14 +0000 2014,--&gt; http://t.co/eza1mcEB98 &lt;-- #teen #amateur #homemade #pussy #porn #jailbait #girlfriend #tease #tits #grope #boobs http://t.co/zoY3xdkB5M
Tue Aug 26 00:20:14 +0000 2014,--&gt; http://t.co/ijQzl3CKII &lt;-- #teen #amateur #homemade #pussy #porn #jailbait #girlfriend #young #trimmed #spread http://t.co/xpDqZUlm7x
Tue Aug 26 00:21:02 +0000 2014,"""@jailbaitnl: #jailbait #jb #young #teen #youngteen #jailbaitnl #specialgirls #amateur http://t.co/ZYPoQHBqSc"" yum yum yum"
Mon Aug 25 13:17:13 +0000 2014,--&gt; http://t.co/oxlq3xSkk2 &lt;-- #teen #amateur #homemade #pussy #porn #jailbait #girlfriend #young #masturbate #pens http://t.co/Vtrq1rDy4f
Mon Aug 25 13:11:11 +0000 2014,RT @JailbaitTwit: God damn!! #jailbait #teen http://t.co/oLju0HSnNc
Mon Aug 25 13:25:08 +0000 2014,--&gt; http://t.co/zZvOomUffg &lt;-- #teen #amateur #homemade #pussy #porn #jailbait #girlfriend #spread #dildo #wet #pink http://t.co/6gZj9w0AAv
Mon Aug 25 13:25:09 +0000 2014,--&gt; http://t.co/oxlq3xSkk2 &lt;-- #teen #amateur #homemade #pussy #porn #jailbait #girlfriend #spread #dildo #wet #pink http://t.co/QniHwazlju
Wed Aug 06 15:40:19 +0000 2014,RT @loverofsmut: Tidy little #jailbait http://t.co/6vOVYQ96jM
Wed Aug 06 06:00:22 +0000 2014,-&gt; http://t.co/LBMsPvBoBG &lt;- #teen #amateur #homemade #pussy #porn #xxx #jailbait #girlfriend #lesbian #topless #tits http://t.co/Jt4z23d7ii
Thu Aug 07 04:10:07 +0000 2014,&gt; http://t.co/8cBmdY9RDM &lt; #teen #amateur #homemade #pussy #porn #xxx #jailbait #girlfriend #blonde #shaved #flexible http://t.co/4SSg59vsEo
Wed Aug 06 07:07:56 +0000 2014,&gt; http://t.co/zZvOoncoto &lt; #teen #amateur #homemade #pussy #porn #xxx #jailbait #girlfriend #cumshot #tits #cum http://t.co/JuBzblcDEh
Wed Aug 06 23:32:48 +0000 2014,I hate Meygan Thacker! She is jailbait..garbage.. nasty hoe... who needs to blow her nose
Thu Aug 07 02:40:03 +0000 2014,-&gt; http://t.co/LBMsPvBoBG &lt;- #teen #amateur #homemade #pussy #porn #xxx #jailbait #girlfriend #selfie #shy #tits http://t.co/PKbWbhTjvt
Thu Aug 07 00:20:02 +0000 2014,-&gt; http://t.co/nk7RcfbzsU &lt;- #teen #amateur #homemade #pussy #porn #xxx #jailbait #girlfriend #horny #dildo #spread http://t.co/xd7LqjvTUS
Wed Aug 06 19:37:31 +0000 2014,#jailbait #teens #albanian #bosnian #white #selfies #cleavge #bikini http://t.co/q8uQrqQxil
Wed Aug 06 16:00:39 +0000 2014,&gt; http://t.co/nk7RcfbzsU &lt; #teen #amateur #homemade #pussy #porn #xxx #jailbait #girlfriend #creampie #cum #leaking http://t.co/l4HilqgVAi
Wed Aug 06 16:20:07 +0000 2014,&gt; http://t.co/li7cXvZkXo &lt; #teen #amateur #homemade #pussy #porn #xxx #jailbait #girlfriend #creampie #cum #leaking http://t.co/uPVerdtb7u
Sun Aug 24 15:46:14 +0000 2014,this jaehyun kid looks a lot like suho and his singing voice is fine and his english is not bad why are you killing me you jailbait
Mon Aug 25 05:50:03 +0000 2014,-&gt; http://t.co/GbScfuu4Nf &lt;- #teen #amateur #homemade #pussy #porn #jailbait #girlfriend #shaved #black #tits #naked http://t.co/vbb8XSHUKC
Sun Aug 24 18:50:01 +0000 2014,--&gt; http://t.co/ijQzl3CKII &lt;-- #teen #amateur #homemade #pussy #porn #jailbait #girlfriend #shaved #lesbian #doggy http://t.co/c76bJtj9sO
Sun Aug 24 12:53:42 +0000 2014,#preteengirls #young #models #jailbait http://t.co/pCcTKWUWUl
Mon Aug 25 04:00:09 +0000 2014,--&gt; http://t.co/dd8HAFBIGC &lt;-- #teen #amateur #homemade #pussy #porn #jailbait #girlfriend #shaved #toilet #exposed http://t.co/wu10LYZsKS
Mon Aug 25 04:19:27 +0000 2014,RT @69NishaGulati69: #jailbait http://t.co/QWnLD3kwlK
Sun Aug 24 20:10:18 +0000 2014,--&gt; http://t.co/zZvOomUffg &lt;-- #teen #amateur #homemade #pussy #porn #jailbait #girlfriend #shaved #sleeping #exposed http://t.co/oS83WMX8vE
Sun Aug 24 20:20:04 +0000 2014,--&gt; http://t.co/eza1mcEB98 &lt;-- #teen #amateur #homemade #pussy #porn #jailbait #girlfriend #tits #nipples #sexy #cute http://t.co/W9QXdxYZzF
Mon Aug 25 03:00:14 +0000 2014,--&gt; http://t.co/LjpoZfpdNb &lt;-- #teen #amateur #homemade #pussy #porn #jailbait #girlfriend #shaved #tits #wank #boobs http://t.co/7D9Mwq0qAs
Sun Aug 24 23:35:11 +0000 2014,😂😂😂😂 I was just sayin hi clown 😈RT @Kris_Warbukkz: Toot jailbait slick thick tho 👀👀
Sun Aug 24 17:26:52 +0000 2014,"RT @savagestxph: ""@RayRomario__: What's with all these peng young girls 😖"" jailbaits"
Mon Aug 25 00:25:52 +0000 2014,@BadFatBlackGirl @fakerapper ariana still jailbait nicki and amber rose still slaying
Sun Aug 24 13:26:12 +0000 2014,"RT @SheerCity: “@Jessibeerslut: I would have to check his ID first #jailbait. ""@luvblack_white: http://t.co/fNV9pIBRTj""” hot"
Sun Aug 24 13:24:49 +0000 2014,"""@aracelybi23: ""@jailbaitnl: #jailbait #young #teen #youngteen #amateur http://t.co/NX6fAHD812"""""
Thu Aug 28 22:24:27 +0000 2014,RT @ukgirlsxxx: #TeenTursday #jailbait @_SororityGirls @denmatai190 @Polishpiceofass @brndn1116 @nikkuk1 @ThePawgBlog x http://t.co/7vv3cMe…
Thu Aug 28 18:17:08 +0000 2014,@DStach_300 #jailbait 😂
Thu Aug 28 06:16:07 +0000 2014,"""@Jailbaitsocial: #jailbait http://t.co/6hvMsEBqyc"""
Thu Aug 28 12:21:31 +0000 2014,RT @Jailbaitsocial: #jailbait http://t.co/3h8vSfeIs2
Fri Aug 29 01:30:20 +0000 2014,&gt; http://t.co/zZvOomUffg &lt; #teen #amateur #homemade #pussy #porn #jailbait #girlfriend #young #jailbait #underwear http://t.co/LKsv8SCOBo
Fri Aug 29 04:36:31 +0000 2014,Phim Nữ Tù Nhân - Jailbait 2013 - HD Online http://t.co/Te8gny4VfS
Thu Aug 28 09:49:07 +0000 2014,RT @blaster_rb: “@69NishaGulati69: #jailbait younggirls #cleavage http://t.co/f1RnNZn7xZ”made to please
Thu Aug 28 11:26:06 +0000 2014,RT @dunewarrior: “@69NishaGulati69: #jailbait http://t.co/v3nVPu8XwO”
Fri Aug 29 03:42:12 +0000 2014,Seventeen is jailbait #ruinamagazine @midnight
Fri Aug 29 03:50:04 +0000 2014,&gt; http://t.co/LjpoZfpdNb &lt; #teen #amateur #homemade #pussy #porn #jailbait #girlfriend #young #jailbait #tits #boobs http://t.co/UvuHiwVAmU
Thu Aug 28 10:40:28 +0000 2014,RT @premiumchans: Magnificent Missy &lt;3! http://t.co/gZs8XWYAP6 #jailbait RT if you like her! http://t.co/b0ZcMLG45M
Fri Aug 29 02:08:19 +0000 2014,RT @69NishaGulati69: Just like my younger sis #desi #indianslut #jailbait http://t.co/6RIhJKUY84
Tue Aug 19 18:12:01 +0000 2014,&gt; http://t.co/D7m9grnOFD &lt; #teen #amateur #homemade #pussy #porn #girlfriend #jailbait #horny #blonde #naked #shaved http://t.co/quBjQ9wlfW
Tue Aug 19 18:12:03 +0000 2014,&gt; http://t.co/ffpSI6ySBE &lt; #teen #amateur #homemade #pussy #porn #girlfriend #jailbait #horny #blonde #naked #shaved http://t.co/sH7NnN5Jcu
Tue Aug 19 12:32:16 +0000 2014,"teenage jailbait Sammy seducing his big brother (✿◠‿◠)
guilty, horrified, totally-turned... — Destiel is better tho http://t.co/egV1lIm1AQ"
Wed Aug 20 01:53:38 +0000 2014,RT @bgloti: Dropped the soap smh jailbait
Wed Aug 20 01:30:13 +0000 2014,&gt; http://t.co/XCbTc4BouX &lt; #teen #amateur #homemade #pussy #porn #girlfriend #jailbait #horny #doggy #ass #puffy #wet http://t.co/e0cnTwI902
Wed Aug 20 01:20:07 +0000 2014,&gt; http://t.co/TaktYFUFIL &lt; #teen #amateur #homemade #pussy #porn #girlfriend #jailbait #horny #tanned #tits #shaved http://t.co/KCOIykdJ6f
Wed Aug 20 01:40:10 +0000 2014,&gt; http://t.co/1THxTtctwC &lt; #teen #amateur #homemade #pussy #porn #girlfriend #jailbait #horny #blonde #bath #naked http://t.co/039XPKsNOb
Wed Aug 20 04:27:13 +0000 2014,"RT @BeautyArt95: RT @gufy60 #jailbait
http://t.co/y5aF6zKxiv"
Wed Aug 20 04:20:01 +0000 2014,http://t.co/YEL7Ls4rCj    #teen #amateur #homemade #pussy #porn #girlfriend #jailbait #horny #lesbian #naked #outside http://t.co/K3fjDmJ0IC
Tue Aug 19 07:17:47 +0000 2014,"""Jailbait ❤️ $morg"""
Tue Aug 19 20:50:08 +0000 2014,&gt; http://t.co/D7m9grnOFD &lt; #teen #amateur #homemade #pussy #porn #girlfriend #jailbait #horny #spread #squat #shaved http://t.co/xtbvCyIgwx
Tue Aug 19 20:44:28 +0000 2014,RT @69NishaGulati69: #jailbait #lesbian http://t.co/lUPKCpHYFr
Tue Aug 19 20:07:26 +0000 2014,RT @AlexMarinez: Pattys the biggest loaft zzz. too busy talkin to jailbait no time for the gym.
Tue Aug 19 11:58:30 +0000 2014,the jailbait's speaking
Tue Aug 19 23:34:15 +0000 2014,RT @jailbaitnl: #jailbait #young #teen #youngteen #amateur http://t.co/dyiKEPXojj
Tue Aug 19 21:23:13 +0000 2014,11. Klasse ahoi [JAILBAIT INTENSIFIES]
Wed Aug 20 00:40:16 +0000 2014,http://t.co/JCWFyGodcM    #teen #amateur #homemade #pussy #porn #girlfriend #jailbait #horny #wet #shaved #cute #tits http://t.co/IRpeisaVLJ
Wed Aug 20 00:19:16 +0000 2014,RT @urbandictionary: @chayneoI Taemin: Serves as the jailbait for Korean boy-group SHINee. Also is... http://t.co/b5Cz8moSSZ http://t.co/Id…
Tue Aug 19 19:26:19 +0000 2014,MY JAILBAIT COUSINS #incest #incestlife #teamincest #Teens #Tween #tweens #teen #incestfun #Toronto #jailbait #YYZ http://t.co/z6rSnAXAVA
Tue Aug 19 19:00:09 +0000 2014,&gt; http://t.co/D7m9grnOFD &lt; #teen #amateur #homemade #pussy #porn #girlfriend #jailbait #horny #selfie #tits #shaved http://t.co/1wA5QPmQoo
Tue Aug 19 19:50:09 +0000 2014,&gt; http://t.co/JCWFyGodcM &lt; #teen #amateur #homemade #pussy #porn #girlfriend #jailbait #horny #tits #naked #cute http://t.co/ipBEmf8wIx
Tue Aug 19 16:02:53 +0000 2014,"Nothin but milfs and jailbait, milfs and jailbait"
Fri Aug 22 15:00:12 +0000 2014,&gt; http://t.co/ZMrNbXAb7i &lt; #teen #amateur #homemade #pussy #porn #girlfriend #jailbait #horny #lesbain #shaved #ass http://t.co/wGylx3DblQ
Sat Aug 23 05:33:45 +0000 2014,“@69NishaGulati69: #jailbait #titties http://t.co/oclMMozxe3”
Fri Aug 22 06:57:50 +0000 2014,RT @69NishaGulati69: #jailbait #lesbian #kiss http://t.co/ptNTa2t389
Fri Aug 22 06:32:01 +0000 2014,"Twilight... The vampires glow, play baseball and chase jailbait if that's not rom com I don't know what is #SupernaturalRomComs @midnight"
Fri Aug 22 06:54:41 +0000 2014,@Now_Thats_Fresh jailbait Disney star
Fri Aug 22 07:42:36 +0000 2014,RT @amodel_s: Young #teen #jailbait http://t.co/yZxdSfd96F
Fri Aug 22 07:32:46 +0000 2014,&gt; http://t.co/JCWFyGFgeM &lt; #teen #amateur #homemade #pussy #porn #girlfriend #jailbait #horny #ass #spanked #shaved http://t.co/FmpFV5PwTU
Fri Aug 22 07:11:02 +0000 2014,&gt; http://t.co/ZMrNbXAb7i &lt; #teen #amateur #homemade #pussy #porn #girlfriend #jailbait #horny #threesome #sex #MFF http://t.co/k0MTGV7xOR
Fri Aug 22 07:28:23 +0000 2014,&gt; http://t.co/1THxTsUkiu &lt; #teen #amateur #homemade #pussy #porn #girlfriend #jailbait #horny #tease #ass #underwear http://t.co/oZRXOZNCaG
Fri Aug 22 09:55:21 +0000 2014,RT @HentaiTeengirl: Si no habéis desayunado... :3 #nipples #knockers #titties #jailbait #loli #teens #slut #hornygirl #nsfw #hawt #hentai h…
Fri Aug 22 20:20:04 +0000 2014,&gt; http://t.co/mPxQsFl8dT &lt; #teen #amateur #homemade #pussy #porn #girlfriend #jailbait #horny #blowjob #cock #suck http://t.co/9kqT6EQ1w1
Fri Aug 22 20:29:24 +0000 2014,@waIIets jailbait
Fri Aug 22 10:50:07 +0000 2014,http://t.co/ffpSI6PVDE    #teen #amateur #homemade #pussy #porn #girlfriend #jailbait #horny #bate #wet #clit #spread http://t.co/D8g7Mr7tj7
Fri Aug 22 08:24:19 +0000 2014,RT @ukgirlsxxx: #FriskyFriday #jailbait @_SororityGirls @denmatai190 @Polishpiceofass @brndn1116 @michJ2121 @ThePawgBlog http://t.co/7sKAC4…
Fri Aug 22 21:26:16 +0000 2014,"@darcijayy ""Jailbait"""
Fri Aug 22 21:20:03 +0000 2014,&gt; http://t.co/4DMeFujOHQ &lt; #teen #amateur #homemade #pussy #porn #girlfriend #jailbait #horny #anal #finger #bate http://t.co/BSQwnj9TMG
Fri Aug 22 17:11:39 +0000 2014,#jailbait #jb #young #teen #youngteen #jailbaitnl #specialgirls http://t.co/QLTz7wxqKd
Fri Aug 22 14:31:21 +0000 2014,@x_Kelci_C_x I don't understand how he's still basically jailbait???
Fri Aug 22 14:01:00 +0000 2014,&gt; http://t.co/4DMeFujOHQ &lt; #teen #amateur #homemade #pussy #porn #girlfriend #jailbait #horny #threesome #orgy #cock http://t.co/50OX1bdVSX
Fri Aug 22 19:30:11 +0000 2014,&gt; http://t.co/ZMrNbXAb7i &lt; #teen #amateur #homemade #pussy #porn #girlfriend #jailbait #horny #fucking #thong #cock http://t.co/9ojCNOHEkQ
Fri Aug 22 19:12:32 +0000 2014,"RT @aturbolover: I love #jailbait girls ""@urgto: ""@AMELIAKARISHA: http://t.co/00bgKI8qMO""f"""
Fri Aug 22 13:50:12 +0000 2014,&gt; http://t.co/ffpSI6PVDE &lt; #teen #amateur #homemade #pussy #porn #girlfriend #jailbait #horny #naked #spread #shaved http://t.co/fuXkkVU2tF
Fri Aug 22 16:50:14 +0000 2014,&gt; http://t.co/ffpSI6PVDE &lt; #teen #amateur #homemade #pussy #porn #girlfriend #jailbait #horny #tits #car #massive http://t.co/BE8GuceLv6
Sat Aug 30 15:07:52 +0000 2014,"RT @cuntcutie: if u have ""18+ only"" in ur bio u need 2 go away bc clearly my bio says jailbait"
Sun Aug 31 05:01:37 +0000 2014,#jailbait 😂
Sun Aug 31 01:53:40 +0000 2014,"RT @RapperMon: ""@hiiamcody: Quote this with a pic of your bias wrecker"" this jailbait you mean? http://t.co/UOXBrxpKXc"
Sun Aug 31 01:33:39 +0000 2014,"gahdamn u jailbait af...I'm fallin' back lol RT""@amandaxtinam @BurritoJJ i cant even drive yet bruh."""
Sat Aug 30 10:41:46 +0000 2014,"RT @aracelybi23: ""@BarleyLegalGals: #bewbs #pussy #slut #teen #milf #young #ass #jailbait #fuck #masturbate #twitterafterdark #porn http://…"
Sat Aug 30 17:19:10 +0000 2014,RT @Majestaetix: Sweet #tinytitties #tits #teen #jailbait http://t.co/N2Y7cpJtxE
Sat Aug 30 19:11:30 +0000 2014,#hotschoolgirls #jailbaits #preteen #selfietime #cachondo #cachorros #chixpussy http://t.co/jVzCGFhYmc
Fri Aug 01 15:10:11 +0000 2014,--&gt; http://t.co/li7cXvZkXo &lt;-- #teen #amateur #homemade #pussy #porn #xxx #jailbait #girlfriend #threesome #sex #lick http://t.co/Mpxm50zHTk
Fri Aug 01 15:06:45 +0000 2014,"RT @ssmith04321: ""@MsFantasyFreeze: RT @minaito08: レズ Lesbian http://t.co/n0LInbnzQn"" #jailbait"
Sat Aug 02 05:30:06 +0000 2014,-&gt; http://t.co/li7cXvZkXo &lt;- #teen #amateur #homemade #pussy #porn #xxx #jailbait #girlfriend #shaved #fisting #horny http://t.co/IbqFiDiG1J
Sat Aug 02 05:00:06 +0000 2014,--&gt; http://t.co/EPbMv2XneJ &lt;-- #teen #amateur #homemade #pussy #porn #xxx #jailbait #girlfriend #ass #sexy #tease http://t.co/QVpUBObjCR
Fri Aug 01 06:56:44 +0000 2014,“@xolovesarakate: when someone hating but they don't even know you http://t.co/SwXZ3SOXro” #jailbait  #tightteen #legs
Sat Aug 02 01:48:46 +0000 2014,@rutherfordium_ @sarahansali bruh chill Sara's the jailbait not me I ain't wid it
Sat Aug 02 04:11:17 +0000 2014,@gracelisicki #jailbait #cougar
Fri Aug 01 09:00:32 +0000 2014,--&gt; http://t.co/jwgkiU0PQq &lt;-- #teen #amateur #homemade #pussy #porn #xxx #jailbait #girlfriend #tits #bate #bate http://t.co/gu9QkLvnpw
Fri Aug 01 20:30:31 +0000 2014,--&gt; http://t.co/0xD2mQTFby &lt;-- #teen #amateur #homemade #pussy #porn #xxx #jailbait #girlfriend #ass #knickers #tease http://t.co/OkSvtpD2kz
Fri Aug 01 10:23:08 +0000 2014,RT @WolfDaddy71: #jailbait #teen #sexy http://t.co/W3piYPT8Vt
Fri Aug 01 08:57:51 +0000 2014,Anyone like #young #teens #jailbait http://t.co/nJllYvwLoL
Fri Aug 01 08:03:36 +0000 2014,RT @jailbaithot1: speechless #jailbait #teen http://t.co/5ZQqWlX8NO
Fri Aug 01 21:47:15 +0000 2014,RT @ukgirlsxxx: #FriskyFriday #jailbait @_SororityGirls @P_K_W_180 @denmatai190 @Polishpiceofass @brndn1116 x http://t.co/mfzPo9NunV
Fri Aug 01 14:20:10 +0000 2014,--&gt; http://t.co/UiQkxoix84 &lt;-- #teen #amateur #homemade #pussy #porn #xxx #jailbait #girlfriend #shaved #wet #spread http://t.co/gn0jcszKpZ
Fri Aug 01 13:50:06 +0000 2014,--&gt; http://t.co/0XNbO1SWsb &lt;-- #teen #amateur #homemade #pussy #porn #xxx #jailbait #girlfriend #hairy #spread #tits http://t.co/3joFzjGbpY
Fri Aug 01 13:08:43 +0000 2014,"RT @TalkToJust4You: #jailbait #amature #amaturepics #teen #teennude #nude #teenselfie #teenude #followback http://t.co/M11Vzl653A"""
Fri Aug 01 16:37:00 +0000 2014,RT @ukgirlsxxx: #FriskyFriday #jailbait @_SororityGirls @P_K_W_180 @denmatai190 @Polishpiceofass @brndn1116 x http://t.co/mfzPo9NunV
Mon Aug 04 05:11:25 +0000 2014,RT @James__26: @ukgirlsxxx candids in Birmingham today #teen#jailbait#shortskirt http://t.co/kFX5lMcCn8
Sun Aug 03 06:47:03 +0000 2014,“@MarianaAvena1: @Corals_Coco @jsalazar831 same. there's more shirts where this came from. http://t.co/jK7EXZNRBJ” #jailbait #selfie
Sun Aug 03 07:00:15 +0000 2014,--&gt; http://t.co/I34VEOKeN6 &lt;-- #teen #amateur #homemade #pussy #porn #xxx #jailbait #girlfriend #fucking #sex #pink http://t.co/1Z2lwAarin
Sun Aug 03 07:56:19 +0000 2014,#bewbs #pussy #slut #teen #milf #young #old #dildo #sex #xxx #ass #jailbait #fuck #masturbate #twitterafterdark #porn http://t.co/GD92ISMAVK
Sun Aug 03 10:38:52 +0000 2014,RT @scnnr: Ted Nugent's Jailbait Problem | Larry Womack http://t.co/kQqcsF4RKP
Mon Aug 04 02:10:02 +0000 2014,--&gt; http://t.co/YOnCoIIcrd &lt;-- #teen #amateur #homemade #pussy #porn #jailbait #girlfriend #fisting #deep #hardcore http://t.co/vtdh02bUsd
Mon Aug 04 02:42:45 +0000 2014,"I'm one year older today but I'm still jailbait, just know 😭"
Sun Aug 03 21:00:13 +0000 2014,--&gt; http://t.co/H6VVetxZW5 &lt;-- #teen #amateur #homemade #pussy #porn #xxx #jailbait #girlfriend #bj #outside #blowjob http://t.co/dqsGRC8bjc
Sun Aug 03 17:18:55 +0000 2014,شاهد مشاهدة فيلم الدراما والاثارة للكبار فقط Jailbait 2013 مترجم مشاهدة اون لاين http://t.co/EqYtu06eyU
Mon Aug 04 00:00:08 +0000 2014,-&gt; http://t.co/YOnCoIIcrd &lt;- #teen #amateur #homemade #pussy #porn #xxx #jailbait #girlfriend #bate #fingering #horny http://t.co/Hmw97JWF2P
Mon Aug 04 00:50:00 +0000 2014,-&gt; http://t.co/l6zNDsXAaD &lt;- #teen #amateur #homemade #pussy #porn #xxx #jailbait #girlfriend #double #fisting #hard http://t.co/C1e5adYAZz
Thu Aug 14 22:58:37 +0000 2014,#jailbait http://t.co/hERjofBPJN
Thu Aug 14 18:50:06 +0000 2014,&gt; http://t.co/li7cXvZkXo &lt; #teen #amateur #homemade #pussy #xxx #porn #girlfriend #jailbait #doggy #ass #sex #fuck http://t.co/I0JgUKFbRJ
Thu Aug 14 18:11:32 +0000 2014,I've seen too many jailbait belly buttons today
Fri Aug 15 04:30:37 +0000 2014,#squad #jailbait 😂
Thu Aug 14 20:50:05 +0000 2014,&gt; http://t.co/xw9MYQVOfV &lt; #teen #amateur #homemade #pussy #xxx #porn #girlfriend #jailbait #horny #puffy #knickers http://t.co/1DrGG5wHhh
Thu Aug 14 20:23:47 +0000 2014,RT @69NishaGulati69: #jailbait #cleavage http://t.co/EiVFV3mavL
Thu Aug 14 20:54:51 +0000 2014,"""@CarolineBithell: “@CEarith: Can't explain how much I'd love to be going out tonight” with all the kiddies Craig?😉"" so game for jailbait"
Thu Aug 14 11:40:16 +0000 2014,"OMG, IM A DOCTOR AND THIS IS THE #HOTTEST #NSFWPic #NSFW #Photos I have ever SEEN!! IS THIS #JAILBAIT?! @Skulhedv... http://t.co/SdNIZyKDyZ"
Fri Aug 15 03:03:52 +0000 2014,RT @allamateurgirls: #amateur #teen #selfie #amateurarmy #jailbait http://t.co/aEXb3w1hKW
Fri Aug 15 02:59:32 +0000 2014,YOU SHOULD ALL KNOW IM JAILBAIT LIKE RLLY YOUNG
Thu Aug 14 17:55:50 +0000 2014,#tbt #Jailbait #MichaelPitt http://t.co/W2CNcW88go
Thu Aug 14 14:49:45 +0000 2014,"RT @CuddleBear012: #lolita #lolitagirl #preteen #PedophileStatus #pedofile #pedobear #underage #nude #jailbait 

http://t.co/J3hrjpLbE8 htt…"
Thu Aug 14 14:21:02 +0000 2014,#jailbait #teen #amateur #nsfw http://t.co/3BRq5CoZzZ
Fri Aug 15 00:22:07 +0000 2014,@_tessimistic @RealPhilS i'm not jailbait I'm ally
Thu Aug 14 19:10:07 +0000 2014,&gt; http://t.co/li7cXvZkXo &lt; #teen #amateur #homemade #pussy #xxx #porn #girlfriend #jailbait #spread #sex #deep #fuck http://t.co/vTJWUArWHX
Thu Aug 14 19:20:24 +0000 2014,&gt; http://t.co/nk7RcfbzsU &lt; #teen #amateur #homemade #pussy #xxx #porn #girlfriend #jailbait #creampie #cum #shaved http://t.co/lnR6zHli5U
Thu Aug 14 16:11:18 +0000 2014,RT @JailbaitTeens: Imagine cumming all over her cute little ass! ;) #jailbait http://t.co/oRC6Wh2sQE
Tue Aug 05 15:50:12 +0000 2014,-&gt; http://t.co/YvRC6c0Med &lt;- #teen #amateur #homemade #pussy #porn #xxx #jailbait #girlfriend #snapchat #tease #bunny http://t.co/RgpiLmOdU6
Tue Aug 05 15:25:49 +0000 2014,Tengo 16 y me siento grandesita pero aún soy un Jailbait 😂
Tue Aug 05 06:30:06 +0000 2014,--&gt; http://t.co/NzHRRmFfHw &lt;-- #teen #amateur #homemade #pussy #porn #xxx #jailbait #girlfriend #bate #cum #orgams http://t.co/hTHfqr7Y72
Tue Aug 05 06:33:30 +0000 2014,#teen #teenies #teens #jailbait #tinytitties #young #incest  #cute #little #nakedpic #nsfw #nude  #TwitterAfterDark http://t.co/q2meS2jNPq
Tue Aug 05 06:22:43 +0000 2014,When she jailbait http://t.co/peKLnPULz5
Tue Aug 05 12:10:07 +0000 2014,--&gt; http://t.co/CkX8C2jGrN &lt;-- #teen #amateur #homemade #pussy #porn #xxx #jailbait #girlfriend #rough #black #cock http://t.co/mcwU4jcn7w
Tue Aug 05 12:30:19 +0000 2014,&gt; http://t.co/cclvm66Nh9 &lt; #teen #amateur #homemade #pussy #porn #xxx #jailbait #girlfriend #wet #cum #orgasm #shaved http://t.co/YiyMl3lQak
Wed Aug 06 04:08:17 +0000 2014,RT @Sexyjailbait1: #preteen #jailbait http://t.co/7nUe1uggTR
Tue Aug 05 20:53:36 +0000 2014,-&gt; http://t.co/nk7RcfbzsU &lt;- #teen #amateur #homemade #pussy #porn #jailbait #girlfriend #masturbate #finger #shaved http://t.co/q5pIk92BVB
Tue Aug 05 20:27:59 +0000 2014,-&gt; http://t.co/AjpKdqepVI &lt;- #teen #amateur #homemade #pussy #porn #xxx #jailbait #girlfriend #interracial #threesome http://t.co/LFSXvM0yOr
Tue Aug 05 20:02:10 +0000 2014,-&gt; http://t.co/LBMsPvBoBG &lt;- #teen #amateur #homemade #pussy #porn #xxx #jailbait #girlfriend #fucking #doggy #blonde http://t.co/6HCPD038if
Tue Aug 05 20:30:22 +0000 2014,-&gt; http://t.co/xw9MYQVOfV &lt;- #teen #amateur #homemade #pussy #porn #xxx #jailbait #girlfriend #cumshot #sex #tits http://t.co/xUFKIipGbQ
Tue Aug 05 20:01:31 +0000 2014,-&gt; http://t.co/AjpKdqepVI &lt;- #teen #amateur #homemade #pussy #porn #xxx #jailbait #girlfriend #cute #blonde #teen http://t.co/GcQOPaG4IU
Tue Aug 05 20:44:47 +0000 2014,-&gt; http://t.co/eoskghiEL7 &lt;- #teen #amateur #homemade #pussy #porn #jailbait #girlfriend #masturbate #finger #shaved http://t.co/X2mcEiqc5O
Tue Aug 05 20:48:30 +0000 2014,-&gt; http://t.co/zZvOoncoto &lt;- #teen #amateur #homemade #pussy #porn #jailbait #girlfriend #masturbate #finger #shaved http://t.co/3dqmtI6XJt
Tue Aug 05 20:22:46 +0000 2014,-&gt; http://t.co/LBMsPvBoBG &lt;- #teen #amateur #homemade #pussy #porn #xxx #jailbait #girlfriend #bate #blowjob #sucking http://t.co/CjPgvhGvKB
Tue Aug 05 20:58:56 +0000 2014,-&gt; http://t.co/AjpKdqepVI &lt;- #teen #amateur #homemade #pussy #porn #jailbait #girlfriend #masturbate #finger #shaved http://t.co/Madw5THEHO
Wed Aug 06 03:45:23 +0000 2014,Jailbait shit
Tue Aug 05 23:00:29 +0000 2014,-&gt; http://t.co/LBMsPvBoBG &lt;- #teen #amateur #homemade #pussy #porn #xxx #jailbait #girlfriend #snapchat #dildo #bate http://t.co/y54hLgFbcy
Tue Aug 05 21:38:48 +0000 2014,-&gt; http://t.co/AjpKdqepVI &lt;- #teen #amateur #homemade #pussy #porn #jailbait #girlfriend #bondage #tits #naked #horny http://t.co/uHbRNSKea2
Tue Aug 05 21:43:10 +0000 2014,-&gt; http://t.co/nk7RcfbzsU &lt;- #teen #amateur #homemade #pussy #porn #jailbait #girlfriend #facial #cumshot #blowjob http://t.co/BaT8d1uE7Q
Tue Aug 05 21:42:45 +0000 2014,-&gt; http://t.co/8cBmdY9RDM &lt;- #teen #amateur #homemade #pussy #porn #jailbait #girlfriend #bondage #hairy #tits #boobs http://t.co/QKuf5CUvjX
Tue Aug 05 21:14:06 +0000 2014,-&gt; http://t.co/xw9MYQVOfV &lt;- #teen #amateur #homemade #pussy #porn #jailbait #girlfriend #bondage #bdsm #ass #butt http://t.co/4YMtlvm7fc
Tue Aug 05 17:01:00 +0000 2014,--&gt; http://t.co/QrP0V3Kvep &lt;-- #teen #amateur #homemade #pussy #porn #xxx #jailbait #girlfriend #slim #spread #shaved http://t.co/Ohe4HGjLEk
Tue Aug 05 14:30:06 +0000 2014,--&gt; http://t.co/cQGUE15fls &lt;-- #teen #amateur #homemade #pussy #porn #xxx #jailbait #girlfriend #blonde #dildo #bate http://t.co/rJxkrjmUk3
Tue Aug 05 14:50:01 +0000 2014,youre hot but youre jailbait so
Wed Aug 06 00:34:10 +0000 2014,Man That girl is Jailbait we going to have to start checking I.Ds on these chicks here lol
Tue Aug 05 19:59:55 +0000 2014,-&gt; http://t.co/LBMsPvBoBG &lt;- #teen #amateur #homemade #pussy #porn #xxx #jailbait #girlfriend #fucking #tits #cock http://t.co/SmcYjoFKDT
Tue Aug 05 19:30:27 +0000 2014,-&gt; http://t.co/xw9MYQVOfV &lt;- #teen #amateur #homemade #pussy #porn #xxx #jailbait #girlfriend #tits #boobs #nipples http://t.co/QQyFLBKpXF
Tue Aug 05 19:46:58 +0000 2014,-&gt; http://t.co/zZvOoncoto &lt;- #teen #amateur #homemade #pussy #porn #xxx #jailbait #girlfriend #tits #topless #cute http://t.co/fPG8y7UaGX
Tue Aug 05 19:20:23 +0000 2014,-&gt; http://t.co/li7cXvZkXo &lt;- #teen #amateur #homemade #pussy #porn #xxx #jailbait #girlfriend #naked #spread #tits http://t.co/ohgmjiT5ij
Tue Aug 05 19:32:30 +0000 2014,&gt; http://t.co/8cBmdY9RDM &lt; #teen #amateur #homemade #pussy #porn #xxx #jailbait #girlfriend #blonde #topless #kitchen http://t.co/7I04cABO38
Tue Aug 05 19:40:02 +0000 2014,-&gt; http://t.co/zZvOoncoto &lt;- #teen #amateur #homemade #pussy #porn #xxx #jailbait #girlfriend #fucking #tight #cock http://t.co/8xiuocrW3q
Tue Aug 05 19:25:03 +0000 2014,-&gt; http://t.co/LBMsPvBoBG &lt;- #teen #amateur #homemade #pussy #porn #xxx #jailbait #girlfriend #tits #topless #horny http://t.co/90H7Oq0z8g
Tue Aug 05 16:50:15 +0000 2014,--&gt; http://t.co/3kEyY4y7PE &lt;-- #teen #amateur #homemade #pussy #porn #xxx #jailbait #girlfriend #selfie #tits #cute http://t.co/xG4B13rOFS
Tue Aug 05 16:40:30 +0000 2014,-&gt; http://t.co/eoskghiEL7 &lt;- #teen #amateur #homemade #pussy #porn #xxx #jailbait #girlfriend #tits #blonde #blowjob http://t.co/yKu1CJpJIO
Thu Aug 21 07:00:28 +0000 2014,&gt; http://t.co/ffpSI6ySBE &lt; #teen #amateur #homemade #pussy #porn #girlfriend #jailbait #horny #shaved #spread #tits http://t.co/WZo0dwiFsT
Thu Aug 21 07:05:41 +0000 2014,http://t.co/mPxQsF45bT    #teen #amateur #homemade #pussy #porn #girlfriend #jailbait #horny #snapchat #shaved #puffy http://t.co/9F60tSQEHb
Thu Aug 21 07:40:01 +0000 2014,&gt; http://t.co/mPxQsF45bT &lt; #teen #amateur #homemade #pussy #porn #girlfriend #jailbait #horny #snapchat #selfie #tits http://t.co/BT0353dKJl
Thu Aug 21 07:41:21 +0000 2014,RT @babyjaju: Bro squeezing my #boobs like a mango #RT #fuckme #niggas #FreeTheNipple #jailbait #pornstar #teen #topless #titflash http://t…
Thu Aug 21 09:10:05 +0000 2014,http://t.co/TaktYFUFIL    #teen #amateur #homemade #pussy #porn #girlfriend #jailbait #horny #anal #finger #bate #wet http://t.co/PmEGak3SeK
Thu Aug 21 20:00:26 +0000 2014,&gt; http://t.co/1THxTsUkiu &lt; #teen #amateur #homemade #pussy #porn #girlfriend #jailbait #horny #lesbian #beach #bate http://t.co/o8SRLNwn2Z
Thu Aug 21 20:40:02 +0000 2014,&gt; http://t.co/mPxQsFl8dT &lt; #teen #amateur #homemade #pussy #girlfriend #jailbait #horny #blonde #tits #beach #shaved http://t.co/u2lA1pOoWn
Fri Aug 22 03:25:25 +0000 2014,RT @jailbaitnl: #jailbait #young #teen #youngteen #amateur http://t.co/ROZgZspCkA
Thu Aug 21 08:00:06 +0000 2014,http://t.co/tXEv96OlQI    #teen #amateur #homemade #pussy #porn #girlfriend #jailbait #horny #lesbian #orgy #foursome http://t.co/83qAxKfSO1
Thu Aug 21 14:02:10 +0000 2014,RT @TalkToJust4You: Sweet hot #jailbait teens http://t.co/NMpB5pEzzk
Thu Aug 21 14:50:02 +0000 2014,&gt; http://t.co/D7m9grnOFD &lt; #teen #amateur #homemade #pussy #porn #girlfriend #jailbait #horny #snapchat #nipple #slip http://t.co/8UfftvHzCI
Fri Aug 22 00:48:00 +0000 2014,"""@jailbaitnl: #jailbait #young #teen #youngteen #amateur http://t.co/qyoKCqYQdj"""
Thu Aug 21 19:40:02 +0000 2014,&gt; http://t.co/4DMeFujOHQ &lt; #teen #amateur #homemade #pussy #porn #girlfriend #jailbait #horny #snapchat #bate #shaved http://t.co/QLEdK0xU8n
Thu Aug 21 13:50:08 +0000 2014,&gt; http://t.co/TaktYFUFIL &lt; #teen #amateur #homemade #pussy #porn #girlfriend #jailbait #horny #snapchat #selfie #tits http://t.co/HTjZLZWvsf
Thu Aug 21 13:20:22 +0000 2014,&gt; http://t.co/1THxTtctwC &lt; #teen #amateur #homemade #pussy #girlfriend #jailbait #horny #snapchat #bathroom #selfie http://t.co/KSLl7dq1Oa
Thu Aug 21 13:19:02 +0000 2014,"""@jailbaitnl: #jailbait #young #teen #youngteen #amateur http://t.co/ucxJzCnl5a""sexy as fuck"
Wed Aug 27 06:40:01 +0000 2014,-&gt; http://t.co/dd8HAFBIGC &lt;- #teen #amateur #homemade #pussy #porn #jailbait #girlfriend #young #ass #selfie #mirror http://t.co/6KaU0z5sTj
Wed Aug 27 12:20:06 +0000 2014,-&gt; http://t.co/oxlq3xSkk2 &lt;- #teen #amateur #homemade #pussy #porn #jailbait #girlfriend #young #tits #selfie #mirror http://t.co/GCgEbjGH8p
Wed Aug 27 12:15:05 +0000 2014,@cammyk_91 Yeah no doubt! You got jailbait chasing you son! :0 Cx
Thu Aug 28 04:05:39 +0000 2014,Niggas be runnin around with guns around here haha time to grow up bro #stupidass #jailbait #growupbro
Wed Aug 27 07:46:46 +0000 2014,"@janelle_my_bell 
#jailbait"
Wed Aug 27 07:50:05 +0000 2014,-&gt; http://t.co/zZvOomUffg &lt;- #teen #amateur #homemade #pussy #porn #jailbait #girlfriend #young #tits #selfie #cute http://t.co/njNkfl6ryl
Wed Aug 27 07:50:07 +0000 2014,-&gt; http://t.co/dd8HAFBIGC &lt;- #teen #amateur #homemade #pussy #porn #jailbait #girlfriend #young #tits #selfie #cute http://t.co/D50gnA3DMR
Wed Aug 27 20:10:33 +0000 2014,"RT @jguy76117027: ""@jailbaitnl: #jailbait #jb #young #teen #youngteen #jailbaitnl #specialgirls #amateur http://t.co/5fdNcAhIJF"" sweet"
Wed Aug 27 08:20:04 +0000 2014,-&gt; http://t.co/GbScfuu4Nf &lt;- #teen #amateur #homemade #pussy #porn #jailbait #girlfriend #young #tits #selfie #mirror http://t.co/uYmYjWCblI
Thu Aug 28 02:52:23 +0000 2014,RT @JailbaitSlap: We’re back! Young blonde with big tits #Teen #Sexy #Jailbait @OmgCuteGirls @FYHotties  -  http://t.co/ngQgDQbb60 http://t…
Wed Aug 27 17:30:12 +0000 2014,-&gt; http://t.co/xw9MYRcRhV &lt;- #teen #amateur #homemade #pussy #porn #jailbait #girlfriend #young #tits #selfie #mirror http://t.co/tQryeOTt1H
Thu Aug 28 00:01:55 +0000 2014,RT @AaronAllen25: @NoahBender12 #jailbait
Thu Aug 28 00:20:35 +0000 2014,RT @aleshadawn_: @___Wright 😍😍 #jailbait
Wed Aug 27 19:20:03 +0000 2014,-&gt; http://t.co/GbScfuu4Nf &lt;- #teen #amateur #homemade #pussy #porn #jailbait #girlfriend #young #tits #selfie #mirror http://t.co/BfdWN9qIrT
Wed Aug 27 13:32:13 +0000 2014,"You're Jailbait, and I ain't blessing y'all anymore just because its PINK"
Wed Aug 27 13:40:09 +0000 2014,-&gt; http://t.co/GbScfuu4Nf &lt;- #teen #amateur #homemade #pussy #porn #jailbait #girlfriend #young #tits #selfie #mirror http://t.co/P0sMTPB7UL
Fri Aug 29 15:40:03 +0000 2014,&gt; http://t.co/GbScfuu4Nf &lt; #teen #amateur #homemade #pussy #porn #jailbait #girlfriend #young #jailbait #selfie #ass http://t.co/HzPPmViKNJ
Fri Aug 29 22:10:11 +0000 2014,&gt; http://t.co/zZvOomUffg &lt; #teen #amateur #homemade #pussy #porn #jailbait #girlfriend #young #jailbait #selfie #ass http://t.co/UprikgIHTK
Fri Aug 29 22:37:37 +0000 2014,RT @ukgirlsxxx: #FriskyFriday #Jailbait  @_SororityGirls @denmatai190 @Polishpiceofass @brndn1116 @nikkuk1 @ThePawgBlog http://t.co/OORRXH5…
Fri Aug 29 18:00:36 +0000 2014,&gt; http://t.co/GbScfuu4Nf &lt; #teen #amateur #homemade #pussy #porn #jailbait #girlfriend #young #jailbait #selfie #tits http://t.co/z474diK6Mi
Fri Aug 29 18:20:08 +0000 2014,&gt; http://t.co/ijQzl3CKII &lt; #teen #amateur #homemade #pussy #porn #jailbait #girlfriend #young #jailbait #selfie #tits http://t.co/ogI3ILFkZJ
Fri Aug 29 06:10:05 +0000 2014,&gt; http://t.co/LjpoZfpdNb &lt; #teen #amateur #homemade #pussy #porn #jailbait #girlfriend #young #jailbait #sexy #dress http://t.co/80sUuzIczy
Fri Aug 29 06:50:07 +0000 2014,&gt; http://t.co/dd8HAFBIGC &lt; #teen #amateur #homemade #pussy #porn #jailbait #girlfriend #young #jailbait #shaved #sexy http://t.co/iazLyfgZgY
Fri Aug 29 12:00:09 +0000 2014,&gt; http://t.co/ijQzl3CKII &lt; #teen #amateur #homemade #pussy #porn #jailbait #girlfriend #young #jailbait #selfie #cute http://t.co/3FcedTSfRb
Fri Aug 29 12:25:24 +0000 2014,RT @MegaPussyFlaps: &gt; http://t.co/dd8HAFBIGC &lt; #teen #amateur #homemade #pussy #porn #jailbait #girlfriend #young #jailbait #selfie #ass ht…
Sat Aug 30 01:59:19 +0000 2014,"“@jguy76117027: ""@jailbaitnl: #jailbait #jb #young #teen #youngteen #jailbaitnl #specialgirls #amateur http://t.co/gVNmuqeDZ3"" great legs”"
Fri Aug 29 07:07:41 +0000 2014,&gt; http://t.co/dd8HAFBIGC &lt; #teen #amateur #homemade #pussy #porn #jailbait #girlfriend #young #jailbait #selfie #cute http://t.co/xG7I7Rm5es
Fri Aug 29 09:58:42 +0000 2014,RT @ukgirlsxxx: #FriskyFriday #jailbait @_SororityGirls @P_K_W_180 @denmatai190 @Polishpiceofass @brndn1116 @michJ2121 http://t.co/sDECjsPq…
Fri Aug 29 20:01:04 +0000 2014,RT @jailbaitnl: #jailbait #jb #young #teen #youngteen #jailbaitnl #specialgirls #amateur http://t.co/xLenCiFBSC
Sat Aug 30 03:47:34 +0000 2014,RT @Moneyylovintiq_: “@rosewoodsceo: @Moneyylovintiq_ im 21 boo lol almost  22” --Jailbait lol lawddddd
Sat Aug 30 03:37:28 +0000 2014,back when i was only 17 :O #jailbait lol http://t.co/rhQo5BFYF5
Fri Aug 29 10:30:11 +0000 2014,&gt; http://t.co/LjpoZfpdNb &lt; #teen #amateur #homemade #pussy #porn #jailbait #girlfriend #young #jailbait #selfie #bate http://t.co/55jzD3OVXk
Fri Aug 29 10:40:02 +0000 2014,&gt; http://t.co/ijQzl3CKII &lt; #teen #amateur #homemade #pussy #porn #jailbait #girlfriend #young #jailbait #selfie #tits http://t.co/LfyZMAkvmI
Fri Aug 29 08:05:23 +0000 2014,RT @marveeeeen: Bruh Lucy Liu is old enough to be a cougar but her physical appearance is borderline jailbait #paradox
Fri Aug 29 08:40:14 +0000 2014,&gt; http://t.co/xw9MYRcRhV &lt; #teen #amateur #homemade #pussy #porn #jailbait #girlfriend #young #jailbait #selfie #tits http://t.co/bmopyzKkvO
Sat Aug 30 02:12:02 +0000 2014,@TheTrippyGod #jailbait
Fri Aug 29 17:26:18 +0000 2014,RT @Loyal_Pussy: &gt; http://t.co/xw9MYRcRhV &lt; #teen #amateur #homemade #pussy #porn #jailbait #girlfriend #young #jailbait #selfie #bate http…
Fri Aug 29 17:01:04 +0000 2014,RT @bignipchicks: RT if you think she's jailbait! http://t.co/0XYsti8ulq
Fri Aug 29 17:29:48 +0000 2014,RT @amyoungteen2000: @JailbaitTwit am I good #jailbait? Hehehe http://t.co/BinXdjLbJ3
Fri Aug 29 14:10:06 +0000 2014,&gt; http://t.co/xw9MYRcRhV &lt; #teen #amateur #homemade #pussy #porn #jailbait #girlfriend #young #jailbait #selfie #tits http://t.co/Isl6XVKjLX
Fri Aug 29 19:40:08 +0000 2014,&gt; http://t.co/eza1mcEB98 &lt; #teen #amateur #homemade #pussy #porn #jailbait #girlfriend #young #jailbait #selfie #ass http://t.co/pBc7Bur2oI
Fri Aug 29 13:10:50 +0000 2014,@ChiiRosenrot Todavía me acuerdo cuando de pronto me preguntaste con cara de susto la edad. Berta Jailbait.
Fri Aug 29 16:40:07 +0000 2014,&gt; http://t.co/LjpoZfpdNb &lt; #teen #amateur #homemade #pussy #porn #jailbait #girlfriend #young #jailbait #selfie #bate http://t.co/QtYhAKCKus
Mon Aug 04 15:57:22 +0000 2014,"Motorhead Jailbait [Live][*]

#RNRMETAL follow back

Choose your song using the Jukebox in the web.

BY METAL \,,/"
Mon Aug 04 22:00:54 +0000 2014,-&gt; http://t.co/QrP0V3Kvep &lt;- #teen #amateur #homemade #pussy #porn #xxx #jailbait #girlfriend #bisexual #facial #MMF http://t.co/31I3FKc1Lt
Mon Aug 04 22:14:12 +0000 2014,--&gt; http://t.co/CkX8C2jGrN &lt;-- #teen #amateur #homemade #pussy #porn #xxx #jailbait #girlfriend #bisexual #threesome http://t.co/Wrr47cwSlo
Mon Aug 04 18:50:03 +0000 2014,--&gt; http://t.co/YOnCoIIcrd &lt;-- #teen #amateur #homemade #pussy #porn #xxx #jailbait #girlfriend #fisting #tight #pink http://t.co/QcA8WO4oxy
Mon Aug 04 18:51:17 +0000 2014,RT @ukgirlsxxx: #MagicMonday #jailbait @_SororityGirls @P_K_W_180 @denmatai190 @Polishpiceofass @brndn1116 @michJ2121 x http://t.co/4z4Htkb…
Mon Aug 04 06:30:10 +0000 2014,--&gt; http://t.co/l6zNDsXAaD &lt;-- #teen #amateur #homemade #pussy #porn #jailbait #girlfriend #shaved #ass #anus #butt http://t.co/gfwS0c0zGk
Mon Aug 04 06:34:46 +0000 2014,--&gt; http://t.co/3kEyY4y7PE &lt;-- #teen #amateur #homemade #pussy #porn #xxx #jailbait #girlfriend #snapchat #feet #ass http://t.co/jOCQu9xjMa
Mon Aug 04 06:35:30 +0000 2014,--&gt; http://t.co/C9QmO9TA2d &lt;-- #teen #amateur #homemade #pussy #porn #xxx #jailbait #girlfriend #snapchat #ass #tease http://t.co/XqTUZPlr3T
Mon Aug 04 06:23:22 +0000 2014,"Another horrible movie on netflix to not watch ""jailbait"" :-)"
Tue Aug 05 04:30:14 +0000 2014,-&gt; http://t.co/iWT1k8bD9z &lt;- #teen #amateur #homemade #pussy #porn #xxx #jailbait #girlfriend #outside #shaved #cute http://t.co/iHGwjqSShO
Tue Aug 05 04:32:11 +0000 2014,I lied about my age so many times this weekend I'm beginning to forget how old I really am #oops #jailbait?
Mon Aug 04 07:06:55 +0000 2014,@alexmcd666 watch the movie jailbait there's a lot of tits and it's hella similar to oitnb
Mon Aug 04 09:30:12 +0000 2014,-&gt; http://t.co/YOnCoIIcrd &lt;- #teen #amateur #homemade #pussy #porn #xxx #jailbait #girlfriend #tease #ass #underwear http://t.co/t84QtuQRis
Mon Aug 04 20:45:36 +0000 2014,--&gt; http://t.co/Kjw930Q59g &lt;-- #teen #amateur #homemade #pussy #porn #xxx #jailbait #girlfriend #trimmed #puffy #cute http://t.co/nsj2Fk5nsa
Mon Aug 04 20:44:02 +0000 2014,--&gt; http://t.co/QrP0V3Kvep &lt;-- #teen #amateur #homemade #pussy #porn #jailbait #girlfriend #shared #threesome #black http://t.co/V3akY3NtZM
Mon Aug 04 20:15:37 +0000 2014,-&gt; http://t.co/ZrNW5LWIvM &lt;- #teen #amateur #homemade #pussy #porn #xxx #jailbait #girlfriend #deep #BBC #black #sex http://t.co/1wv3QRzOEQ
Mon Aug 04 10:10:03 +0000 2014,&gt; http://t.co/X8IwKo8VkN &lt; #teen #amateur #homemade #pussy #porn #xxx #jailbait #girlfriend #lesbian #kissing #horny http://t.co/fxYffkE5w5
Mon Aug 04 08:10:33 +0000 2014,RT @ukgirlsxxx: #SexySunday #jailbait @_SororityGirls @P_K_W_180 @denmatai190 @Polishpiceofass @brndn1116 @michJ2121 x http://t.co/Smc9yM4O…
Mon Aug 04 23:40:01 +0000 2014,--&gt; http://t.co/NzHRRmFfHw &lt;-- #teen #amateur #homemade #pussy #porn #xxx #jailbait #girlfriend #anal #black #BBC http://t.co/PJISH7hjt6
Tue Aug 05 02:20:07 +0000 2014,--&gt; http://t.co/HWGLAAEb2P &lt;-- #teen #amateur #homemade #pussy #porn #xxx #jailbait #girlfriend #bate #cum #orgams http://t.co/wQVVQe9snB
Mon Aug 04 21:32:50 +0000 2014,-&gt; http://t.co/l6Z8fHXN7f &lt;- #teen #amateur #homemade #pussy #porn #xxx #jailbait #girlfriend #dancing #flashing #GIF http://t.co/7ptDuuTMfV
Mon Aug 04 21:47:40 +0000 2014,--&gt; http://t.co/1eRZcdsW83 &lt;-- #teen #amateur #homemade #pussy #porn #xxx #jailbait #girlfriend #ass #flash #outside http://t.co/2X66RP5dPr
Mon Aug 04 21:51:31 +0000 2014,--&gt; http://t.co/CkX8C2jGrN &lt;-- #teen #amateur #homemade #pussy #porn #xxx #jailbait #girlfriend #anal #gape #wet #cum http://t.co/pj1ilEb9jh
Mon Aug 04 21:54:56 +0000 2014,--&gt; http://t.co/Kjw930Q59g &lt;-- #teen #amateur #homemade #pussy #porn #jailbait #girlfriend #blonde #black #cock #lick http://t.co/PZ5kU9TRdg
Mon Aug 04 21:08:25 +0000 2014,--&gt; http://t.co/l6Z8fHXN7f &lt;-- #teen #amateur #homemade #pussy #porn #xxx #jailbait #girlfriend #knickers #tease #ass http://t.co/KwXRHXGPfP
Mon Aug 04 21:08:32 +0000 2014,--&gt; http://t.co/CkX8C2jGrN &lt;-- #teen #amateur #homemade #pussy #porn #xxx #jailbait #girlfriend #knickers #tease #ass http://t.co/RLAv21HRXp
Mon Aug 04 21:25:03 +0000 2014,--&gt; http://t.co/NzHRRmFfHw &lt;-- #teen #amateur #homemade #pussy #porn #xxx #jailbait #girlfriend #ripped #spread #wet http://t.co/TUlpuZlVD7
Mon Aug 04 21:15:55 +0000 2014,--&gt; http://t.co/1eRZcdsW83 &lt;-- #teen #amateur #homemade #pussy #porn #xxx #jailbait #girlfriend #naked #tits #tease http://t.co/Qme32ps5R0
Mon Aug 04 14:56:51 +0000 2014,RT @DrJulien1: #jailbait http://t.co/WrXmPxw34K
Mon Aug 04 16:20:07 +0000 2014,--&gt; http://t.co/C9QmO9TA2d &lt;-- #teen #amateur #homemade #pussy #porn #xxx #jailbait #girlfriend #squirt #cum #orgasm http://t.co/M8TsxkNc1D
Sat Aug 02 15:00:51 +0000 2014,RT @Masturebateblog: #jailbait whore with tiny titties. Rt of fav if you'd bust a load all over her little tits http://t.co/LFCOKzYx8h
Sat Aug 02 22:53:58 +0000 2014,"RT @kev_goode: ""@pcooky64: “@ukgirlsxxx: #SexySaturday #jailbait @_SororityGirls  @denmatai190 @Polishpiceofass http://t.co/l25BqYu407”fuck…"
Sat Aug 02 18:30:08 +0000 2014,--&gt; http://t.co/0xD2mQTFby &lt;-- #teen #amateur #homemade #pussy #porn #xxx #jailbait #girlfriend #ass #knickers #sexy http://t.co/nz0cEeqAuO
Sat Aug 02 06:24:07 +0000 2014,"RT @iloveteenz: ""@UncleGriffsCbn: “@JailBait8a8es: Hot #selfie #jailbait http://t.co/ST1XMERf3q” Hello!""mnnnnn shes edible ;-);-);-);-);-)"
Sat Aug 02 12:59:01 +0000 2014,RT @JailbaitTwit: #teen #jailbait http://t.co/TSgQt4zk2F
Sun Aug 03 01:34:31 +0000 2014,Jailbait is the best compliment I've ever received I think
Sat Aug 02 07:00:03 +0000 2014,--&gt; http://t.co/li7cXvZkXo &lt;-- #teen #amateur #homemade #pussy #porn #xxx #jailbait #girlfriend #fingering #bate #wet http://t.co/I7LJ0YAGm6
Sat Aug 02 10:00:17 +0000 2014,--&gt; http://t.co/xw9MYQVOfV &lt;-- #teen #amateur #homemade #pussy #porn #xxx #jailbait #girlfriend #lesbian #dildo #bate http://t.co/SRyAilgqVW
Sat Aug 02 08:46:44 +0000 2014,RT @ukgirlsxxx: #TeenThursday #jailbait  @_SororityGirls @P_K_W_180 @denmatai190 @Polishpiceofass @brndn1116 x http://t.co/HM6lGWYQdD
Sat Aug 02 23:30:12 +0000 2014,-&gt; http://t.co/F8mQjWaHOz &lt;- #teen #amateur #homemade #pussy #porn #xxx #jailbait #girlfriend #double #fisting #horny http://t.co/OSFs3n0yUZ
Sat Aug 02 23:30:15 +0000 2014,--&gt; http://t.co/HeHd9e1R98 &lt;-- #teen #amateur #homemade #pussy #porn #xxx #jailbait #girlfriend #cumshot #pregnant http://t.co/Ujsg7h4rR4
Sat Aug 02 23:06:15 +0000 2014,RT @jason_cashh: #jailbait 👌 @landshark0303 @XRayCreepin @jjames173 @creepin_aint_EZ @pantypeeklover @slutty_friendss @But_ImA_Creep http:/…
Sun Aug 17 15:52:24 +0000 2014,RT @Lolitafucker247: #jailbait http://t.co/YxuF3QUMFq
Sun Aug 17 22:11:19 +0000 2014,#young #youngslut #jailbait #camgirl #selfie #sexyteen #girl #amateur #teen #jb http://t.co/GKzhvirh0O
Mon Aug 18 05:53:58 +0000 2014,I'm jailbait 😂
Mon Aug 18 05:41:19 +0000 2014,"OMG, IM A DOCTOR AND THIS IS THE #HOTTEST #NSFWPic #NSFW #Photos I have ever SEEN!! IS THIS #JAILBAIT?! @Rob1150 ... http://t.co/UYoVqBmQ8i"
Sun Aug 17 18:07:59 +0000 2014,@sierra_wilhelm #jailbait
Sun Aug 17 06:14:42 +0000 2014,RT @teenvandedag: #young #youngslut #jailbait #camgirl #selfie #sexyteen #girl #daddy #daddysgirl http://t.co/QaWY1UH3m5
Mon Aug 18 04:10:01 +0000 2014,&gt; http://t.co/XCbTc4BouX &lt; #teen #amateur #homemade #pussy #porn #girlfriend #jailbait #horny #tits #shirt #knickers http://t.co/wUb7cN6gnO
Mon Aug 18 04:10:05 +0000 2014,http://t.co/D7m9grnOFD    #teen #amateur #homemade #pussy #xxx #porn #girlfriend #jailbait #horny #puffy #dildo #bate http://t.co/TE2W57FbIn
Mon Aug 18 04:16:45 +0000 2014,"RT @BTSBucketList: [pre-debut] Jungkook 

he's not 20, he's still jailbait http://t.co/ppyh4aRnhE"
Mon Aug 18 04:40:08 +0000 2014,&gt; http://t.co/JCWFyGodcM &lt; #teen #amateur #homemade #pussy #xxx #porn #girlfriend #jailbait #horny #outside #flash http://t.co/DMo0vrwfjj
Mon Aug 18 04:36:56 +0000 2014,"RT @BTSBucketList: [pre-debut] Jungkook 

he's not 20, he's still jailbait http://t.co/ppyh4aRnhE"
Sun Aug 17 11:38:17 +0000 2014,"RT @Lolitafucker247: #jailbait 
http://t.co/sVWA3A4isW http://t.co/TPjPlKWhjl"
Sun Aug 17 11:38:37 +0000 2014,RT @Lolitafucker247: #jailbait #selfie #lolita #pedo #pt #pthc #hussyfan #opva http://t.co/z8MFwmbdY9
Sun Aug 17 11:05:28 +0000 2014,"RT @Lolitafucker247: #jailbait 
http://t.co/fdlhoVQ6tJ http://t.co/AfhNu7wFti"
Mon Aug 18 03:37:30 +0000 2014,"OMG, IM A DOCTOR AND THIS IS THE #HOTTEST #NSFWPic #NSFW #Photos I have ever SEEN!! IS THIS #JAILBAIT?! @cContest... http://t.co/BKIucnuEXs"
Mon Aug 18 03:37:47 +0000 2014,"OMG, IM A DOCTOR AND THIS IS THE #HOTTEST #NSFWPic #NSFW #Photos I have ever SEEN!! IS THIS #JAILBAIT?! @cContest... http://t.co/neSUMtxlEm"
Sun Aug 17 08:40:04 +0000 2014,Your jailbait
Sun Aug 17 23:34:25 +0000 2014,Back dimples  #SexySunday #jailbait  #thong #realgirls http://t.co/AMMKwgu8a6
Sun Aug 17 21:00:57 +0000 2014,&gt; http://t.co/ffpSI6ySBE &lt; #teen #amateur #homemade #pussy #xxx #porn #girlfriend #jailbait #horny #tits #bra #tease http://t.co/hreeDRddHZ
Sun Aug 17 21:20:04 +0000 2014,&gt; http://t.co/XCbTc4BouX &lt; #teen #amateur #homemade #pussy #xxx #porn #girlfriend #jailbait #horny #anal #dildo #bate http://t.co/LQDt2tjE5g
Sun Aug 17 21:03:08 +0000 2014,http://t.co/mPxQsF45bT    #teen #amateur #homemade #pussy #xxx #porn #girlfriend #jailbait #horny #pool #bikini #cute http://t.co/zc2bT4YQ0d
Sun Aug 17 21:03:09 +0000 2014,http://t.co/TaktYFUFIL    #teen #amateur #homemade #pussy #xxx #porn #girlfriend #jailbait #horny #pool #bikini #cute http://t.co/3eiT3S7by4
Sun Aug 17 21:03:45 +0000 2014,&gt; http://t.co/YEL7Ls4rCj &lt; #teen #amateur #homemade #pussy #xxx #porn #girlfriend #jailbait #horny #tits #blonde #top http://t.co/jKla2IKbUm
Sun Aug 17 21:06:09 +0000 2014,&gt; http://t.co/ffpSI6ySBE &lt; #teen #amateur #homemade #pussy #xxx #porn #girlfriend #jailbait #horny #threesome #tease http://t.co/ohTZDL8DV4
Sun Aug 17 21:12:46 +0000 2014,"its an age thing. 30 and below stare at the girls. 40 and below, the girls are jailbait. they don't look. I'm not used to that anymore"
Wed Aug 20 06:30:05 +0000 2014,&gt; http://t.co/D7m9grnOFD &lt; #teen #amateur #homemade #pussy #porn #girlfriend #jailbait #horny #ass #shaved #selfie http://t.co/8MxqnE5XVP
Wed Aug 20 12:10:08 +0000 2014,&gt; http://t.co/xw9MYQVOfV &lt; #teen #amateur #homemade #pussy #porn #girlfriend #jailbait #bondage #submissive #lesbians http://t.co/MUhqd7Sqqr
Wed Aug 20 12:00:50 +0000 2014,&gt; http://t.co/xw9MYQVOfV &lt; #teen #amateur #homemade #pussy #porn #girlfriend #jailbait #bondage #submissive #hardcore http://t.co/DJHTfKQnVl
Thu Aug 21 01:00:16 +0000 2014,&gt; http://t.co/AjpKdqepVI &lt; #teen #amateur #homemade #pussy #porn #girlfriend #jailbait #horny #puffy #shaved #wet http://t.co/x7871DIXdl
Thu Aug 21 01:00:22 +0000 2014,&gt; http://t.co/8cBmdY9RDM &lt; #teen #amateur #homemade #pussy #porn #girlfriend #jailbait #horny #puffy #shaved #wet http://t.co/Fsc4prYVOc
Thu Aug 21 01:50:58 +0000 2014,RT @Phantacee7: “@creepingv2dot0: Cheerleader's asses  #SexySunday #jailbait  #thong #realgirls http://t.co/o8wKeIMW0R”
Thu Aug 21 04:24:52 +0000 2014,RT @69NishaGulati69: #jailbait #cleavage #bikini http://t.co/bflLcQBhBw
Thu Aug 21 04:50:08 +0000 2014,&gt; http://t.co/mPxQsF45bT &lt; #teen #amateur #homemade #pussy #porn #girlfriend #jailbait #horny #nipples #tits #boobs http://t.co/wWm8eerOlO
Wed Aug 20 07:04:30 +0000 2014,#bewbs #pussy #slut #teen #milf #young #old #dildo #sex #xxx #ass #jailbait #fuck #masturbate #twitterafterdark #porn http://t.co/fXFEYnsMju
Wed Aug 20 09:00:32 +0000 2014,&gt; http://t.co/8cBmdY9RDM &lt; #teen #amateur #homemade #pussy #porn #girlfriend #jailbait #bondage #submissive #lesbians http://t.co/mbv5pI1iu4
Wed Aug 20 11:39:37 +0000 2014,#jailbait 3 http://t.co/GWkbaKGSjC
Wed Aug 20 23:20:02 +0000 2014,&gt; http://t.co/LBMsPvBoBG &lt; #teen #amateur #homemade #pussy #porn #girlfriend #jailbait #horny #spread #shaved #ass http://t.co/x8v9l8HQRx
Wed Aug 20 23:57:14 +0000 2014,now that im 18 it seems like all #jailbait wanna talk to me ... smh
Thu Aug 21 02:20:02 +0000 2014,&gt; http://t.co/nk7RcfbzsU &lt; #teen #amateur #homemade #pussy #porn #girlfriend #jailbait #horny #puffy #ass #shaved http://t.co/kVsKKZbvYs
Wed Aug 20 21:30:10 +0000 2014,&gt; http://t.co/li7cXvZkXo &lt; #teen #amateur #homemade #pussy #porn #girlfriend #jailbait #lesbians #CFNF #dildo #cute http://t.co/uZJqyEwlOn
Wed Aug 20 17:00:42 +0000 2014,&gt; http://t.co/bSrkhVpKJk &lt; #teen #amateur #homemade #pussy #porn #girlfriend #jailbait #bate #dildo #shaved #spread http://t.co/9CG68eDEwA
Wed Aug 20 17:40:09 +0000 2014,&gt; http://t.co/AjpKdqepVI &lt; #teen #amateur #homemade #pussy #porn #girlfriend #jailbait #bate #dildo #bondage #sucking http://t.co/daBzMJAumT
Wed Aug 20 14:30:26 +0000 2014,&gt; http://t.co/zZvOoncoto &lt; #teen #amateur #homemade #pussy #porn #girlfriend #jailbait #bondage #submissive #lesbians http://t.co/6hRtA4ZdXg
Wed Aug 20 14:20:05 +0000 2014,&gt; http://t.co/bSrkhVpKJk &lt; #teen #amateur #homemade #pussy #porn #girlfriend #jailbait #horny #ass #shaved #puffy http://t.co/qrL9TZ1c9e
Wed Aug 20 19:13:29 +0000 2014,jailbait 😭
Wed Aug 20 16:45:03 +0000 2014,#jailbait @Chelsea_LouXXX http://t.co/HXaumgSfQU
Fri Aug 15 15:30:33 +0000 2014,http://t.co/bSrkhVpKJk   #teen #amateur #homemade #pussy #xxx #porn #girlfriend #jailbait #horny #bate #vegetable #DP http://t.co/5ixD28rMID
Fri Aug 15 22:26:26 +0000 2014,@JailbaitTwit any #jailbait twins
Fri Aug 15 18:49:37 +0000 2014,RT @therme_theo: Schoolgirls sailing holiday #jailbait http://t.co/f0HvgCc2rM
Fri Aug 15 18:20:17 +0000 2014,&gt; http://t.co/zZvOoncoto &lt; #teen #amateur #homemade #pussy #xxx #porn #girlfriend #jailbait #horny #wet #bate #anal http://t.co/XiovBR1W4u
Fri Aug 15 12:54:02 +0000 2014,#jailbait http://t.co/35opF8IAmM
Fri Aug 15 09:50:13 +0000 2014,&gt; http://t.co/AjpKdqepVI &lt; #teen #amateur #homemade #pussy #xxx #porn #girlfriend #jailbait #horny #tits #bed #naked http://t.co/jMRsYd6wLA
Fri Aug 15 20:00:24 +0000 2014,&gt; http://t.co/li7cXvZkXo &lt; #teen #amateur #homemade #pussy #xxx #porn #girlfriend #jailbait #horny #blowjob #cock #BJ http://t.co/BaNK2sKHF6
Fri Aug 15 20:50:01 +0000 2014,&gt; http://t.co/8cBmdY9RDM &lt; #teen #amateur #homemade #pussy #xxx #porn #girlfriend #jailbait #horny #blowjob #cock #BJ http://t.co/54R26iqoYw
Fri Aug 15 11:20:27 +0000 2014,RT @amyoungteen2000: Grrr hate mornings #jailbait #braces #young http://t.co/nKw6hNagvb
Sat Aug 16 03:18:19 +0000 2014,C://Mis documentos/Vídeos/Documentales/Naturaleza/Mujer al natural/Jailbait/Colegialas Salvajes.mkv
Fri Aug 15 08:45:32 +0000 2014,so jailbait
Fri Aug 15 08:29:37 +0000 2014,"These girls are too young to be such little sluts, but fuck me they look hot and horny #jailbait http://t.co/dVvUSS9IHG"
Sat Aug 16 02:45:33 +0000 2014,RT @sbm_2010: “@KelseyRanda: Some of these high school boys look like grown ass men 😩 #jailbait”
Fri Aug 15 21:10:12 +0000 2014,&gt; http://t.co/GbScfud1Lf &lt; #teen #amateur #homemade #pussy #xxx #porn #girlfriend #jailbait #horny #bathroom #shaved http://t.co/4TbRo9mpwL
Fri Aug 15 17:06:14 +0000 2014,RT @wichskabine: small tits but so precious... #selfie #jailbait #teen #young #tinyteen #sexting http://t.co/cFYYrTxt0e
Fri Aug 15 14:10:03 +0000 2014,&gt; http://t.co/bSrkhVpKJk &lt; #teen #amateur #homemade #pussy #xxx #porn #girlfriend #jailbait #horny #anal #finger #wet http://t.co/LkzUMBAe1x
Fri Aug 15 14:57:37 +0000 2014,"RT @Lolita93BJ: #jailbait 

http://t.co/KCbYy0LDvV http://t.co/owN0zbu0i9"
Fri Aug 15 19:41:07 +0000 2014,Mmm the #jailbait on the left has some nice #tits http://t.co/uyhAntBFqF
Fri Aug 15 16:42:03 +0000 2014,RT @jasoneason3: Yummy little #jailbait at the beach http://t.co/KU2axm5xvI
Tue Aug 26 15:20:16 +0000 2014,She known to catch a subtweet...her jailbait lookin ass
Tue Aug 26 22:10:03 +0000 2014,&gt; http://t.co/oxlq3xSkk2 &lt; #teen #amateur #homemade #pussy #porn #jailbait #girlfriend #young #tits #topless #pierced http://t.co/Jyu3jtr5iP
Tue Aug 26 22:20:01 +0000 2014,-&gt; http://t.co/eza1mcEB98 &lt;- #teen #amateur #homemade #pussy #porn #jailbait #girlfriend #naked #selfie #shaved #tits http://t.co/6kzBpqXXRW
Tue Aug 26 22:29:45 +0000 2014,#jailbait #jb #young #teen #youngteen #jailbaitnl #specialgirls #amateur http://t.co/MI3ggFmUG8
Tue Aug 26 22:28:44 +0000 2014,#jailbait #jb #young #teen #youngteen #jailbaitnl #specialgirls #amateur http://t.co/pJx0w2lNtS
Tue Aug 26 18:30:10 +0000 2014,-&gt; http://t.co/ijQzl3CKII &lt;- #teen #amateur #homemade #pussy #porn #jailbait #girlfriend #tits #selfie #boobs #young http://t.co/716o0l7Xa9
Tue Aug 26 06:50:15 +0000 2014,--&gt; http://t.co/eza1mcEB98 &lt;-- #teen #amateur #homemade #pussy #porn #jailbait #girlfriend #tight #shaved #sexy http://t.co/0NpUwepnc2
Tue Aug 26 06:57:04 +0000 2014,"RT @jguy76117027: ""@jailbaitnl: #jailbait #jb #young #teen #youngteen #jailbaitnl #specialgirls #amateur http://t.co/RUfT14zA2R"" hell yeah"
Wed Aug 27 04:45:12 +0000 2014,RT @Loyal_Pussy: &gt; http://t.co/xw9MYRcRhV &lt; #teen #amateur #homemade #pussy #porn #jailbait #girlfriend #young #blonde #threesome #MMF http…
Wed Aug 27 04:23:34 +0000 2014,RT @jailbaitnl: #jailbait #jb #young #teen #youngteen #jailbaitnl #specialgirls #amateur http://t.co/Ia0qF2QbR0
Tue Aug 26 09:55:14 +0000 2014,RT @Masturebateblog: #jailbait hottie in just her bra and tiny little panties. http://t.co/9Y5LRuTBh1
Tue Aug 26 10:45:54 +0000 2014,RT @jailbaitnl: #jailbait #jb #young #teen #youngteen #jailbaitnl #specialgirls #amateur http://t.co/X9VfvxvXs5
Tue Aug 26 23:40:56 +0000 2014,@YungG0th hmmm @jailbait lmfao :p
Tue Aug 26 23:55:30 +0000 2014,RT @69NishaGulati69: #jailbait #YoungandHungry http://t.co/RcTKRKMlv6
Wed Aug 27 02:10:03 +0000 2014,-&gt; http://t.co/xw9MYRcRhV &lt;- #teen #amateur #homemade #pussy #porn #jailbait #girlfriend #young #tits #selfie #mirror http://t.co/0ovXaqRrEQ
Tue Aug 26 21:50:02 +0000 2014,-&gt; http://t.co/zZvOomUffg &lt;- #teen #amateur #homemade #pussy #porn #jailbait #girlfriend #mirror #naked #babe #young http://t.co/nU3gtp8ouC
Tue Aug 26 19:30:28 +0000 2014,-&gt; http://t.co/xw9MYRcRhV &lt;- #teen #amateur #homemade #pussy #porn #jailbait #girlfriend #tits #topless #selfie http://t.co/3ct3XYgOnq
Tue Aug 26 19:50:05 +0000 2014,-&gt; http://t.co/eza1mcEB98 &lt;- #teen #amateur #homemade #pussy #porn #jailbait #girlfriend #young #tits #flash #outside http://t.co/spvEvYjwlm
Tue Aug 26 16:36:23 +0000 2014,"“@JohnHefley: Selfie:
Snapchat: m.mccandless
Insta: ribaby_
City: Erie
Jailbait or nah: 🙅
You know what to do💁😋” http://t.co/yNNYuggQuf"
Tue Aug 12 05:44:13 +0000 2014,"RT @TrvllGawd: niggas be like ""if she's jailbait, I'm jailbait"""
Tue Aug 12 05:03:53 +0000 2014,Im surprised the BDO was still going beyond 2001 - thats when it went from indiefest to Jailbait-fest. http://t.co/uX1C52FqDB
Tue Aug 12 05:22:51 +0000 2014,outspokentori #JailBait 😔 https://t.co/g3EyhVFVWG
Mon Aug 11 18:08:08 +0000 2014,RT @JailbaitSlap: Military jailbait with sexy pantie #Teen @OmgCuteGirls @FYHotties  -  http://t.co/Bv3hGlZgf4 http://t.co/v0pTvuoOHm
Mon Aug 11 06:33:33 +0000 2014,@WH1PLASHT0N ooooo damn yes maybe he likes older women i ship u guys I'm hoping mikey likes jailbait (aka me)
Mon Aug 11 07:17:30 +0000 2014,RT @RawrPookie: Watching jailbait 👌
Mon Aug 11 20:20:10 +0000 2014,--&gt; http://t.co/LBMsPvBoBG &lt;-- #teen #amateur #homemade #pussy #porn #xxx #girlfriend #jailbait #bate #dildo #shaved http://t.co/2vTM4l7PVy
Mon Aug 11 11:52:32 +0000 2014,"Although it is said that God created jailbait on the eight day, He still doesn't exist. So you better pray for me now."
Mon Aug 11 08:07:16 +0000 2014,RT @JailbaitTeens: #jailbait http://t.co/xo5evnXbvX
Mon Aug 11 08:40:21 +0000 2014,--&gt; http://t.co/bSrkhVpKJk &lt;-- #teen #amateur #homemade #pussy #porn #girlfriend #jailbait #bate #dildo #wet #horny http://t.co/PpGdUiW4Am
Tue Aug 12 02:30:05 +0000 2014,-&gt; http://t.co/AjpKdqepVI &lt;- #teen #amateur #homemade #pussy #girlfriend #jailbait #bate #dildo #outside #vegetable http://t.co/lfHIs463qX
Mon Aug 11 14:39:08 +0000 2014,@EliciaSolis if u ever want a #7yo #jailbait #real #pakistain #nigga to #impregnate any of ur #holes #dm me
Tue Aug 12 00:00:20 +0000 2014,-&gt; http://t.co/nk7RcfbzsU &lt;- #teen #amateur #homemade #pussy #xxx #girlfriend #jailbait #bate #candle #dildo #anal http://t.co/c7LaiXRnf3
Mon Aug 11 19:10:12 +0000 2014,--&gt; http://t.co/8cBmdY9RDM &lt;-- #teen #amateur #homemade #pussy #porn #xxx #girlfriend #jailbait #bate #bottle #dildo http://t.co/htbwT73wyE
Mon Aug 11 19:37:13 +0000 2014,RT @HotWhiteAss: RT @amodel_s: Knotted li'l #jailbait which is so #hot http://t.co/1633dna833
Mon Aug 11 19:40:16 +0000 2014,-&gt; http://t.co/LBMsPvBoBG &lt;- #teen #amateur #homemade #pussy #porn #xxx #girlfriend #jailbait #bate #cucumber #dildo http://t.co/dQm1vOLiwR
Mon Aug 11 13:30:22 +0000 2014,--&gt; http://t.co/GbScfud1Lf &lt;-- #teen #amateur #homemade #pussy #porn #girlfriend #jailbait #bate #horny #dildo #ride http://t.co/e07Z10iCG3
Mon Aug 11 16:30:31 +0000 2014,--&gt; http://t.co/bSrkhVpKJk &lt;-- #teen #amateur #homemade #pussy #porn #girlfriend #jailbait #bate #dildo #ass #horny http://t.co/yKgt36KGAk
Mon Aug 11 16:00:20 +0000 2014,-&gt; http://t.co/AjpKdqepVI &lt;- #teen #amateur #homemade #pussy #porn #xxx #girlfriend #jailbait #bate #pen #dildo #anal http://t.co/AmgmLHXbh0
Fri Aug 08 15:28:26 +0000 2014,If there's any jailbait out there following me you should follow this cool ninja @LieutenantGanja
Sat Aug 09 04:44:00 +0000 2014,#bewbs #pussy #slut #teen #milf #young #old #dildo #sex #xxx #ass #jailbait #fuck #masturbate #twitterafterdark #porn http://t.co/HQyEPIXyxf
Sat Aug 09 04:29:23 +0000 2014,#bewbs #pussy #slut #teen #milf #young #old #dildo #sex #xxx #ass #jailbait #fuck #masturbate #twitterafterdark #porn http://t.co/vQERe40tKI
Fri Aug 08 10:49:52 +0000 2014,Im to black for that vine in the dark shit lol #teamjailbait #jailbait 😌 night foolie https://t.co/Dnrgg8hecO
Sat Aug 09 02:16:23 +0000 2014,RT @aturbolover: Love #jailbait girls! http://t.co/iRP94rmi3L
Fri Aug 08 17:14:29 +0000 2014,"I SUPPORT DJ ZEETI's MOVEMENT, BUT DUDE STAYS RT'n JAILBAIT ON THE TL CUHZ.."
Fri Aug 08 14:40:21 +0000 2014,RT @khamm98: “@LustyLasses: #Jailbait http://t.co/KMtCWiqEn4” She's Hot!!!!!
Fri Aug 08 13:49:51 +0000 2014,RT @ukgirlsxxx: #FriskyFriday #jailbait @_SororityGirls @P_K_W_180 @denmatai190 @Polishpiceofass @brndn1116 @michJ2121 http://t.co/qahjscFL…
Fri Aug 08 13:54:08 +0000 2014,RT @ukgirlsxxx: #FriskyFriday #jailbait @_SororityGirls @P_K_W_180 @denmatai190 @Polishpiceofass @brndn1116 @michJ2121 x http://t.co/wnvWP5…
Fri Aug 08 16:59:09 +0000 2014,@gerbshanarb @Not_AshleyPH @strong_piss @twistofnate I bet Gerby was a real hot piece of jailbait ass when she was a teen
Mon Aug 18 15:04:02 +0000 2014,"RT @iloveteenz: ""@ctmaaajbp: #jailbait http://t.co/HrpcARLRbo""so fukin hot would love to make her scream an cum on those tits ;-);-);-);-)"
Mon Aug 18 15:56:08 +0000 2014,Jailbait with bubble butt #minidress #legs #heels http://t.co/dT8n4nTqOa
Mon Aug 18 22:49:01 +0000 2014,#young #youngslut #jailbait #sexyteen #teen #jb http://t.co/q51puRD65W
Tue Aug 19 05:35:41 +0000 2014,RT @wichskabine: da MUSS man einfach #geil werden und #wichsen wollen... #jailbait #selfie #teens #youngslut http://t.co/VgtlJcdw8r
Mon Aug 18 12:26:12 +0000 2014,#jailbait http://t.co/V6gR6yQO8A
Mon Aug 18 07:30:10 +0000 2014,&gt; http://t.co/1THxTtctwC &lt; #teen #amateur #homemade #pussy #xxx #porn #girlfriend #jailbait #horny #dildo #fucking http://t.co/NsArjeMR2u
Mon Aug 18 07:20:02 +0000 2014,http://t.co/mPxQsF45bT    #teen #amateur #homemade #pussy #xxx #porn #girlfriend #jailbait #horny #puffy #dildo #bate http://t.co/SmazK7DTuS
Mon Aug 18 09:30:10 +0000 2014,&gt; http://t.co/XCbTc4BouX &lt; #teen #amateur #homemade #pussy #xxx #porn #girlfriend #jailbait #horny #tits #bra #tease http://t.co/XteHXlf9CE
Mon Aug 18 08:30:18 +0000 2014,&gt; http://t.co/JCWFyGodcM &lt; #teen #amateur #homemade #pussy #xxx #porn #girlfriend #jailbait #horny #dildo #bate #sexy http://t.co/jXeGh7J7bg
Mon Aug 18 08:50:11 +0000 2014,http://t.co/tXEv96OlQI    #teen #amateur #homemade #pussy #xxx #porn #girlfriend #jailbait #horny #doggy #dildo #bate http://t.co/SmJDBzQm2F
Mon Aug 18 21:09:17 +0000 2014,"RT @JailBabes: Thanks for 10,000 followers 😄😄😄
Here's one of my all time fave jailbait pictures in return http://t.co/1zM3EVJPzj"
Mon Aug 18 21:05:58 +0000 2014,Jailbait @jjenrusso 😈
Mon Aug 18 17:02:19 +0000 2014,"“@iloveteenz: ""@ctmaaajbp: #jailbait http://t.co/HDQ0SXmpAI""so fukin hot would love to make her scream an cum on those tits ;-);-);-);-)”"
Mon Aug 18 14:40:20 +0000 2014,&gt; http://t.co/1THxTtctwC &lt; #teen #amateur #homemade #pussy #porn #girlfriend #jailbait #horny #tits #babe #massive http://t.co/V6s8LLNGfz
Mon Aug 18 19:08:26 +0000 2014,RT if you think she's jailbait! http://t.co/qmvSE2l9gE
Mon Aug 18 13:53:34 +0000 2014,"OMG, IM A DOCTOR AND THIS IS THE #HOTTEST #NSFWPic #NSFW #Photos I have ever SEEN!! IS THIS #JAILBAIT?! @geezra #... http://t.co/lraWUer00W"
Wed Aug 13 15:00:36 +0000 2014,&gt; http://t.co/bSrkhVpKJk &lt; #teen #amateur #homemade #pussy #xxx #girlfriend #jailbait #bate #dildo #anal #ass #orgasm http://t.co/1MD1VhKB2S
Wed Aug 13 15:25:23 +0000 2014,RT @Abbatharxo: So many boys love the young ones 😂 #jailbait
Thu Aug 14 05:50:11 +0000 2014,ARE YOU KIDDING ME. I CALLED A KID JAILBAIT AND GOT BANNED WITHOUT A WARNING. RUDE. http://t.co/szJPiIP5on
Wed Aug 13 07:20:04 +0000 2014,&gt; http://t.co/bSrkhVpKJk &lt; #teen #amateur #homemade #pussy #xxx #girlfriend #jailbait #bate #dildo #shaved #tight http://t.co/k4nSKg8QqX
Wed Aug 13 07:58:59 +0000 2014,"""how old are you? you look about nineteen""
""well I'm actually only 16""
""wow still jailbait then""
UNM WAHT OMG LORD HAVE MERCY"
Wed Aug 13 11:26:35 +0000 2014,#jailbait #amateur http://t.co/xPLpKFrCll
Wed Aug 13 11:00:52 +0000 2014,&gt; http://t.co/LBMsPvBoBG &lt; #teen #amateur #homemade #pussy #xxx #girlfriend #jailbait #bate #dildo #hairy #tits #wet http://t.co/UJAjXJai7A
Wed Aug 13 10:00:12 +0000 2014,&gt; http://t.co/15CWrDJoJA &lt; #teen #amateur #homemade #pussy #xxx #girlfriend #jailbait #bate #dildo #hairy #doggy #wet http://t.co/5k7jr3eDj4
Wed Aug 13 10:50:05 +0000 2014,&gt; http://t.co/xw9MYQVOfV &lt; #teen #amateur #homemade #pussy #xxx #girlfriend #jailbait #bate #dildo #blonde #clit #wet http://t.co/yaGboqW1xA
Wed Aug 13 08:40:02 +0000 2014,&gt; http://t.co/zZvOoncoto &lt; #teen #amateur #homemade #pussy #xxx #girlfriend #jailbait #bate #dildo #blonde #doggy http://t.co/iIvTXEttY9
Wed Aug 13 23:47:58 +0000 2014,Top 10 Jailbait Songs http://t.co/nT6DAmyO88
Wed Aug 13 23:15:30 +0000 2014,"RT @babyjaju: LOL💋XOXO #nakedselfie #teenager #slut #FreeTheNipple #selfies #jailbait #FF
 #niggas #desi #glamorous #naked #selfie http://t…"
Wed Aug 13 14:27:56 +0000 2014,RT @JailbaitTwit: Give these #jailbait twins 75 RTs and I'll post a gallery of just twins ;) http://t.co/YO7iLUDnIX
Wed Aug 13 14:04:20 +0000 2014,"@FujiDaGod @ReizeiMakoo @dakidukno Now that I think about it, who is this chart for? Hermits who travel the country looking for jailbait?"
Wed Aug 13 14:40:12 +0000 2014,&gt; http://t.co/bSrkhVpKJk &lt; #teen #amateur #homemade #pussy #xxx #girlfriend #jailbait #bate #dildo #buttplug #anal http://t.co/HTmidMoI8t
Wed Aug 13 13:34:18 +0000 2014,"""@JailbaitTwit: #teen #jailbait http://t.co/Z5hap7qQTP"" hay dios que ricura"
Wed Aug 13 13:40:11 +0000 2014,&gt; http://t.co/8cBmdY9RDM &lt; #teen #amateur #homemade #pussy #xxx #girlfriend #jailbait #bate #dildo #shaved #blonde http://t.co/pgEj1MqOHk
Thu Aug 07 15:50:32 +0000 2014,#jailbait #teen #selfie #bosnian #eyes #kiss #sexy #seductive http://t.co/hHwSMUwSmF
Thu Aug 07 18:10:04 +0000 2014,&gt; http://t.co/nk7RcfbzsU &lt; #teen #amateur #homemade #pussy #porn #xxx #jailbait #girlfriend #anal #sex #deep #fucking http://t.co/nRzWCHjydn
Thu Aug 07 07:33:12 +0000 2014,Too much jailbait following me
Thu Aug 07 09:10:54 +0000 2014,Me and @_jxrdiee_  are jailbait I guess😂
Thu Aug 07 08:47:59 +0000 2014,#asian #jailbait http://t.co/Y9OpwYO1dL
Thu Aug 07 08:06:36 +0000 2014,"Really cute jailbait teen, her shirt buttons have come undone, oh dear :p http://t.co/pLmPIMxElY"
Thu Aug 07 17:57:45 +0000 2014,RT @ukgirlsxxx: #SexySunday #jailbait @_SororityGirls @P_K_W_180 @denmatai190 @Polishpiceofass @brndn1116 @michJ2121 x http://t.co/Smc9yM4O…
Thu Aug 07 17:05:33 +0000 2014,Jailbait klaxon!
Thu Aug 07 14:35:36 +0000 2014,"""don't go for the jailbait"" fuck you i do what i want"
Thu Aug 07 14:47:16 +0000 2014,Top 10 Jailbait Songs http://t.co/NAdK4ZOSCz
Thu Aug 07 14:15:10 +0000 2014,RT @ukgirlsxxx: #TeenThursday #jailbait @_SororityGirls @P_K_W_180 @denmatai190 @Polishpiceofass @brndn1116 @michJ2121 http://t.co/84hYY8To…
Fri Aug 08 00:18:31 +0000 2014,ive had to turn down older ladys in the gym like 30 years asking my for my number daw im jailbait
Thu Aug 07 19:10:24 +0000 2014,RT @Denmotoracer: Good God she is a beautiful #jailbait http://t.co/LXMqoyNUTn
Thu Aug 07 19:39:49 +0000 2014,"""@Bandizzo:Firstly kill yourself secondly we already know you are not legal cause only jailbait do such things FOH http://t.co/PKquL8XVnk""😂"
Thu Aug 07 19:54:28 +0000 2014,“@trinivictoriaa: @NuthnButAGThing #jailbait” right?!
Sun Aug 10 18:27:09 +0000 2014,RT @teenybitoftaboo: Wow xxx #teens #jailbait http://t.co/3aqt9ofSaN
Sun Aug 10 18:02:12 +0000 2014,RT @JailbaitTwit: So hot! #teen #jailbait http://t.co/noOm3AgF5N
Sun Aug 10 06:43:44 +0000 2014,RT @Polishpiceofass: #jailbait #dupy #teen @ukgirlsxxx @_SororityGirls @P_K_W_180 @ModelZ_inc @denmatai190 @Denisxo @37cmctcc @3rdAlarm69 h…
Sun Aug 10 09:11:37 +0000 2014,--&gt; http://t.co/NrfNSaTaJm &lt;-- #teen #amateur #homemade #pussy #porn #xxx #girlfriend #jailbait #spread #shaved #tits http://t.co/beoGiY5s6k
Sun Aug 10 20:20:10 +0000 2014,--&gt; http://t.co/lnCcwZsvdi &lt;-- #teen #amateur #homemade #pussy #porn #xxx #girlfriend #sleepover #underwear #jailbait http://t.co/I8GAnSKOhf
Sun Aug 10 08:04:39 +0000 2014,RT @JailbaitTeens: #jailbait RT if you'd pull those shorts down &amp; fuck her ass ;) http://t.co/frZfnsCQEg
Sun Aug 10 08:57:26 +0000 2014,RT @YouWillJizz: Pussy close-up! RT If you would lick it =P #selfie #naked #jailbait http://t.co/dlK0BmT6yQ
Sun Aug 10 21:51:50 +0000 2014,RT @ukgirlsxxx: #MagicMonday #jailbait @_SororityGirls @P_K_W_180 @denmatai190 @Polishpiceofass @brndn1116 @michJ2121 x http://t.co/x5DTyB1…
Sun Aug 10 19:00:02 +0000 2014,--&gt; http://t.co/lnCcwZsvdi &lt;-- #teen #amateur #homemade #pussy #porn #xxx #girlfriend #bikini #sexy #jailbait #babe http://t.co/nNJLC5D1p2
