created_at,text
Sun Feb 09 23:35:10 +0000 2014,RT @kristinna_smith: Love a bit of peng jailbait tho 😍
Mon Feb 10 06:06:59 +0000 2014,"I'm going to create a ""jailbait"" list for all the jailbait girls that follow me. Congratulations to all you that get in"
Sun Feb 09 19:08:28 +0000 2014,"“@BigBoyYoder: there has yet to have been 1, just 1, semi attractive person wearing an AJ Lee shirt.” Jailbait AJ http://t.co/nmhkwfND1c"
Mon Feb 10 03:11:07 +0000 2014,Oh my jailbait
Sun Feb 09 22:14:07 +0000 2014,some guy told me this weekend to get jailbait tatted on my forehead :(
Sun Feb 09 18:07:48 +0000 2014,SANTO CRISTO AAAAAH NO MAMES. Mi JAILBAIT.
Mon Feb 10 01:43:09 +0000 2014,yung jailbait
Sun Feb 16 13:10:59 +0000 2014,I went to college with this white don who was 17. He said he would beat any jailbait no matter how old lol smh
Mon Feb 17 02:54:48 +0000 2014,Damn jailbait..
Mon Feb 17 03:53:56 +0000 2014,"You can't blame me if I still openly stan a 96er. Man he's singing and dancing at the same yet wala ga-hangos. Bravo hanbin jailbait, bravo."
Sun Feb 16 22:54:18 +0000 2014,8th grade girls now a days look like they all supposed to be juniors in HS. It's crazy.. #jailbait
Sun Feb 23 16:37:12 +0000 2014,RT @SdMcarthur: The most jailbait people are the people that are that desperate that they turn up to parties that they're not invited to
Mon Feb 24 03:43:35 +0000 2014,RT @breeehamiltonnn: Rt if u think I'm jailbait (don't rt)
Mon Feb 24 03:47:29 +0000 2014,Those Are The Contents Of My Lancer's Trunk .. Haha I'm JailBait
Mon Feb 24 03:23:15 +0000 2014,Ted Nugent's Jailbait Problem http://t.co/XSsCoBMvBp via @goodmenproject
Sun Feb 23 15:57:13 +0000 2014,"All I see on my TL thanks to Derik is: jailbait, more jailbait, slut, jailbait, one fine ass chick, oh look another jailbait, and then Asian"
Mon Feb 24 01:27:21 +0000 2014,RT @tanskingoddezz: can't wait to not be jailbait :))
Sun Feb 23 20:41:27 +0000 2014,"Малолетка / Jailbait (2013 / WEB-DLRip): После непредумышленного убийства отчима, который по пьяне пытался изн... http://t.co/AU0fHRUTTS"
Wed Feb 12 23:11:42 +0000 2014,I've been coming to vegas since I was jailbait and this was the first time I was carded on a casino floor????
Thu Feb 13 00:16:59 +0000 2014,Finding out that a girl is 15... JAILBAIT!
Thu Feb 13 00:41:01 +0000 2014,@ILoveFeitelberg creeping hard on @Bossman_Rand. He's jailbait but has fantastic musical taste.
Tue Feb 25 16:04:50 +0000 2014,@weemethy @coffeybean90 It's fine because jailbait tits.
Tue Feb 25 19:46:58 +0000 2014,RT @Teen_mound_pics: #mound boyshorts #ginger #jailbait. http://t.co/jktBRfUvjd
Wed Feb 26 04:55:35 +0000 2014,@sarah_greenie I miss your face jailbait
Wed Feb 26 01:00:42 +0000 2014,"Jailbait (2014) Starring Sara Malakul Lane, Steve Hanks and Shannon Walters http://t.co/rM3XTu6VQs"
Wed Feb 26 01:52:56 +0000 2014,Nothing makes me more sicker then seeing a 19-22 year old date young HighSchool freshman girls #JailBait
Wed Feb 26 01:29:23 +0000 2014,#jailbait #RaymondFelton
Wed Feb 26 01:41:17 +0000 2014,they call me little jailbait 😭
Tue Feb 25 20:45:30 +0000 2014,sometimes i wish i was still jailbait. #lifeontheedge
Thu Feb 06 16:46:17 +0000 2014,@misterljoe until you that i remembered them again haha wtf jailbait double time than got7 wth is happening kpop lol
Fri Feb 07 02:48:20 +0000 2014,RT @zRetrospect: @OliviaDelango Best Jailbait NA
Thu Feb 06 11:24:19 +0000 2014,jailbait น่าเบื่อมาก หนังอะไรไม่รู้ นมซาร่าก็ใหญ่เกินไป ฉาก nudity เยอะมาก
Thu Feb 06 09:23:56 +0000 2014,Photo: Love sucking my dad’s dick #cute #sexy #hottie #young #teen #puffy #nipples #jailbait #sluttyspinner... http://t.co/IFRyqr6fjm
Thu Feb 06 22:09:55 +0000 2014,RT @TeenAshleyXXX: #teen #barelylegal #pussy #jailbait #boobs #porn #nsfw #erotic #nude http://t.co/G5uItZAjD1 http://t.co/jBtxh8DrqH
Thu Feb 06 15:30:40 +0000 2014,@SteveStfler #jailbait LOL
Mon Feb 24 08:33:23 +0000 2014,"assisti ""17 &amp; Life Jailbait"" esse é O filme!! muito bom"
Tue Feb 25 04:56:42 +0000 2014,@brittanylindner @ccamarena14 @steevveen12 #jailbait
Tue Feb 25 00:26:44 +0000 2014,RT @DoodTheKid: @thatbobfag Get ur jailbait outta here
Mon Feb 24 18:20:18 +0000 2014,RT @Teen_mound_pics: #mound #bikini #jailbait ebony and ivory side by side ... On a bed lol http://t.co/coURx5yRb8
Mon Feb 24 15:27:05 +0000 2014,Lucky they never banned the guns peirs. Now it will be easier to get hold of one to top yourself with. #peirsmorgan @piersmorgan #jailbait
Mon Feb 24 14:03:42 +0000 2014,jimin was totally jailbait for like 3 months after debut wATCH URSELVES GUYS
Sat Mar 01 04:35:16 +0000 2014,@miss_aly9 Seriously.. and I bet she gets hit on by jailbait seekers all the time.. dem nasty old men. They must feel disappointed XD
Sat Mar 01 04:12:41 +0000 2014,"@miss_aly9 Legal jailbait. I have a lot of fat content in my skin so hopefully, I can look almost that young... that's just TOO young tho."
Thu Feb 20 06:26:31 +0000 2014,Jailbait as fuck
Wed Feb 19 21:46:36 +0000 2014,@blairio96 that's quite jailbait like
Thu Feb 20 03:47:30 +0000 2014,@naporeon I don't even know what you just said but clickbait sounds like interweb jailbait so I'll assume it was dirty.
Wed Feb 19 14:26:53 +0000 2014,RT @Teen_mound_pics: #mound #tshirtandpanties #jailbait #tease mmmmm good girl http://t.co/TUNNbliwPG
Sat Feb 22 19:11:50 +0000 2014,I remember when Leo had everyone calling me jailbait 😂😂😂😂
Sat Feb 22 07:30:29 +0000 2014,"@Nataliejoyyxx EXCUSE YOU, YOURE NOT 17 STOP TRYING TO BE JAILBAIT. I know you like to live on the wild side... but its just no."
Sat Feb 22 07:19:46 +0000 2014,RT @TeenAshleyXXX: #teen #barelylegal #pussy #jailbait #boobs #sex #porn #nsfw #erotic #xxx #nude http://t.co/1My6hjaxgA http://t.co/qUqbTe…
Sat Feb 22 07:12:58 +0000 2014,Малолетка / Jailbait  (2013) / ЛО / WEB-DL 720p / http://t.co/KV2MGT3izq
Sat Feb 22 20:31:40 +0000 2014,"omg just realised tht is so jailbait man me sayin tht, hope no-one thinks im actual bein serious, dnt want reported to the police."
Sat Feb 22 14:29:09 +0000 2014,Малолетка / Jailbait (2013) - онлайн в хорошем качестве http://t.co/sxCKn8unUf
Sat Feb 22 14:29:13 +0000 2014,Малолетка / Jailbait (2013) - онлайн в хорошем качестве http://t.co/yssru2R4Nu
Sat Feb 22 17:52:27 +0000 2014,I seriously love @itsmariahdooode #jailbait 😂😂👏
Sat Feb 15 06:18:28 +0000 2014,"RT @eth416: ""@AbelTeller2: http://t.co/nOoCqx4vm4""
#jailbait #yummy"
Sat Feb 15 03:02:22 +0000 2014,RT @Teen_mound_pics: #mound boyshorts #ginger #jailbait. http://t.co/jktBRfUvjd
Fri Feb 14 22:29:23 +0000 2014,RT @secretlynoir: @jailbaitxxx @xhotteensx Definate jailbait http://t.co/31kRmGOrbQ
Fri Feb 14 14:47:27 +0000 2014,"RT @Perfectselfshot: ""@TeenAshleyXXX: #teen #barelylegal #pussy #jailbait #boobs #porn #nsfw #erotic #nude http://t.co/BFGdfWQVs1 http://t.…"
Thu Feb 06 02:31:10 +0000 2014,RT @CaptainHanzo: @Jailbait &amp; @NotLegal  RT“@ErifeLaFlare: Someone please find their @ name http://t.co/4XrZpEQ61d”
Thu Feb 06 02:31:49 +0000 2014,RT @CaptainHanzo: @Jailbait &amp; @NotLegal  RT“@ErifeLaFlare: Someone please find their @ name http://t.co/4XrZpEQ61d”
Thu Feb 06 03:45:57 +0000 2014,@jackietaylor70 ha i never said that but im underage you might go to jail #jailbait
Fri Feb 21 19:32:31 +0000 2014,RT @TeenAshleyXXX: #teen #barelylegal #pussy #jailbait #boobs #porn #nsfw #erotic #nude http://t.co/Iglu89rABA http://t.co/Vqrci2a0D8
Sat Feb 22 02:00:46 +0000 2014,RT @baggmann: Ted Nugents Jailbait song is vile and crass.  He represents republicans well #inners
Sat Feb 22 05:27:37 +0000 2014,@Brunzypls @courtneybrownn_  jailbait bruno
Fri Feb 21 10:40:43 +0000 2014,"""@2p2TrollCat: They should rename Women's Figure Skating to Jailbait On Ice. #Sochi2014"" No, gymnastics already is..."
Fri Feb 21 21:27:36 +0000 2014,"RT @MiamiLib: Ted Nugent's ""Jailbait"" 1981 - he was 33 when he wrote this
#p2 #tcot #lnyhbt #uniteblue #teaparty http://t.co/PwOvxGAEpp"
Fri Feb 21 21:50:59 +0000 2014,"RT @MiamiLib: Ted Nugent's ""Jailbait"" 1981 - he was 33 when he wrote this
#p2 #tcot #lnyhbt #uniteblue #teaparty http://t.co/PwOvxGAEpp"
Sat Feb 22 04:21:57 +0000 2014,"RT @MiamiLib: Ted Nugent's ""Jailbait"" 1981 - he was 33 when he wrote this
#p2 #tcot #lnyhbt #uniteblue #teaparty http://t.co/PwOvxGAEpp"
Sat Feb 22 03:14:45 +0000 2014,"RT @PAULFREID: Pedophile ( and @SoCaliMilitia1’s hero) Ted Nugent’s lyrics to “Jailbait” &gt; 

#tcot #teaparty #p2 @donkeyarguing http://t.co…"
Fri Feb 21 22:42:33 +0000 2014,"RT @TomLevenson: RT @MiamiLib: Ted Nugent's ""Jailbait"" 1981 - he was 33 when he wrote this
#p2 #tcot #lnyhbt #uniteblue #teaparty http://t.…"
Sat Feb 22 01:51:28 +0000 2014,Happy Birthday to my buddy scooter 🎉🎈🏀👬😎 #jailbait @mitchellmalique
Fri Feb 21 14:35:34 +0000 2014,jailbait+12の画像検索結果 http://t.co/hZ9pEpd2rs #эротический #gazo #erótico شهواني# #hentai
Thu Feb 27 07:32:44 +0000 2014,RT @Teen_mound_pics: #mound #panties #selfie #bra #jailbait http://t.co/KvSRWfBfwj
Fri Feb 28 03:20:06 +0000 2014,@justyjayo one is jailbait tho
Thu Feb 27 18:05:18 +0000 2014,RT @clarkson1205: Hope has the same bed time I had when I was in the second grade...little girl probs...#jailbait
Fri Feb 28 01:53:20 +0000 2014,RT @Things_YouLove: @VJusticeOhio @TheMarvinLopez Lola Martinez wrote the definition on jailbait
Mon Feb 17 19:42:30 +0000 2014,RT @YouWillJizz: RT If you like what you see! (Following everyone that Retweet's this =P) - @YouWillJizz ) #Selfie #Jailbait http://t.co/Wl…
Tue Feb 18 05:24:37 +0000 2014,@fxckingdaddy lets talk jailbait
Mon Feb 17 10:40:30 +0000 2014,Photo: Welcome to my horny fantasy world. I’m a horny jailbait teen bitch who loves kinky and horny... http://t.co/I8jfmTT9tv
Tue Feb 18 04:43:15 +0000 2014,RT @__britxo: I just need Luke hemmings and his jailbait ass here
Fri Feb 21 02:12:17 +0000 2014,"RT @_awoodard: If you are 18+ years of age, you should NOT be hanging around girls under the age 16! #Creep #JailBait"
Fri Feb 21 01:16:46 +0000 2014,#jailbait http://t.co/rwP40ZPgw4
Thu Feb 20 20:55:45 +0000 2014,"RT @thefieryheart: “Did he kiss you back?” I asked.
“Yeah, but I think I caught him off guard.”
“Jailbait, he’s a guardian. They’re never c…"
Thu Feb 20 20:56:12 +0000 2014,"Jailbait, whens he plugging your phone in the computer? Twisteddd"
Sat Feb 15 09:57:45 +0000 2014,"RT @chetmanly86: ""@brandje_852: http://t.co/BBJq2LbfeT""major jailbait!"
Sun Feb 16 03:20:53 +0000 2014,"Just found out this girl I thought was hot is only 16...she looks like she's in college jeezuz, what's up with all this jailbait"
Sat Feb 15 15:37:37 +0000 2014,@quesorasora dude you've seen those instagram bitches. 20 odd to us looks like jailbait to them
Wed Feb 26 19:22:41 +0000 2014,@laneherby jailbait
Wed Feb 26 21:23:38 +0000 2014,So #cute #hot #teen #jailbait http://t.co/puCNkmVfot
Wed Feb 26 20:00:04 +0000 2014,RT @Teen_mound_pics: #mound #athletic #tight #spandex #jailbait 5k followers Nike pro hottie for you all. http://t.co/HTdxEsxDah
Tue Feb 11 16:44:25 +0000 2014,@markidjin jailbait
Wed Feb 12 06:40:17 +0000 2014,@XoticEsmeralda wow jailbait esme  :omgguyomg
Tue Feb 11 07:34:53 +0000 2014,RT @oCHIEFxGOOTo: @babycourtmoney get outta of state And you too young anyways. Just jailbait that wouldn't know what to do but lay there😂.…
Wed Feb 12 02:42:41 +0000 2014,@_marktuans yoU CAN CALL ME JAILBAIT ANYTIME (i love that nickname tbh)
Tue Feb 11 22:26:08 +0000 2014,RT @YouWillJizz: RT If you like what you see! (Following everyone that Retweet's this =P) - @YouWillJizz ) #Selfie #Jailbait http://t.co/Wl…
Tue Feb 11 22:37:33 +0000 2014,RT @YouWillJizz: RT If you like what you see! (Following everyone that Retweet's this =P) - @YouWillJizz ) #Selfie #Jailbait http://t.co/Wl…
Tue Feb 11 15:33:09 +0000 2014,This weathers so jailbait! Is this snow or hail 😂 #hurricanscoming
Tue Feb 11 14:00:57 +0000 2014,#jailbait
Tue Feb 11 14:07:02 +0000 2014,"방탄소년단 상남자(Boy In Luv) MV Triple J FTW!! Sheeeeeet Jeon Jailbait &gt;//////&lt; DAEBAK, BANGTAN! :D &lt;3 http://t.co/X4HDwTPoA2"
Tue Feb 11 14:16:30 +0000 2014,"Damn, jailbaits..."
Sun Feb 09 05:46:20 +0000 2014,@aryanalexys You're still jailbait FML.
Sun Feb 09 00:09:19 +0000 2014,So. Much. Jailbait.
Sat Feb 08 15:43:10 +0000 2014,"@paullmsmooney I'm payin to watch it , can't do it anymore , Crackin me up jailbait, beer sky sports, pish unhappy Fenian bee"
Sat Feb 08 15:28:02 +0000 2014,"""@tylerjamesrafan: pretty obvious you like jailbait."" Whenever I think of jailbait I think of vyrone idk why lol"
Tue Feb 18 12:10:05 +0000 2014,"Nou verby 'n hoërskool gery wat uitkom. Eks nou sommer lus &amp; laat my hemp uithang, steek 'n sigaret op &amp; chat 'n girl op #jailbait"
Wed Feb 19 04:33:01 +0000 2014,I miss my Jailbait and my Carbon Copy :/
Tue Feb 18 09:25:38 +0000 2014,Jailbait watch online http://t.co/QCrRu3vlzY
Tue Feb 18 09:12:34 +0000 2014,#teen #barelylegal #pussy #jailbait #boobs #porn #nsfw #erotic #nude http://t.co/CMeSFToNr3 http://t.co/Lvk9rfVZKI
Thu Feb 13 16:59:27 +0000 2014,"RT @SMACKprepschool: ""Kingswood Oxford: where guys date girls that are four years younger. #jailbait"" #smackprep"
Thu Feb 13 07:51:39 +0000 2014,Damnit I'm still jailbait
Thu Feb 13 10:09:16 +0000 2014,#teen #barelylegal #pussy #jailbait #boobs #porn #nsfw #erotic #nude http://t.co/zE6iS7BtMN http://t.co/BTLriiiL2l
Fri Feb 14 00:05:17 +0000 2014,RT @MetsCloser: @DevudWrihtpls @IAmNotEricYoung 12 year old 😂 Erik is jailbait
Sat Feb 08 02:22:14 +0000 2014,RT @YouWillJizz: RT If you like what you see! (Following everyone that Retweet's this =P) - @YouWillJizz ) #Selfie #Jailbait http://t.co/Wl…
Sat Feb 08 05:47:27 +0000 2014,"I'm not into jailbait but my girlfriends only 17. Can I hit that,can I rip that, can lick that, can I get that from behind🎶"
Mon Feb 10 16:44:38 +0000 2014,"RT @eth416: ""@girlxdoor23: Perky!! http://t.co/60CXx7H2i2""
#jailbait"
Mon Feb 10 23:51:55 +0000 2014,"@__Ewan_ sickening thought, was actually terrifying! Such a jailbait car aswell #backseats"
Mon Feb 10 13:45:17 +0000 2014,@skydxncer #jailbait
Mon Feb 10 15:55:30 +0000 2014,RT @Lucy_Latanga: “@TeenAshleyXXX: #teen #barelylegal #pussy #jailbait #boobs #sex #porn #nsfw #xxx #nude http://t.co/6r55BctF1Q http://t.c…
Mon Feb 10 20:09:52 +0000 2014,#teen #barelylegal #pussy #jailbait #boobs #porn #nsfw #erotic #nude http://t.co/wsmWy82bNB http://t.co/AZvWiaK151
