created_at,text
Thu Feb 09 21:52:23 +0000 2012,Photoset: jailbait-panda: http://t.co/sQksUkit
Thu Feb 09 20:35:12 +0000 2012,@yessNdidi JailBait na lieeeeee
Thu Feb 09 17:09:41 +0000 2012,RT @ChadEngland: @joeclive Dank just popped into my head. #vfestival #jailbait
Thu Feb 16 16:21:52 +0000 2012,I hate seeing dum girls dating dudes that's in and out of jail and ain't doing shit for them cum on bitch u that dumb to wait  #jailbait
Fri Feb 17 06:31:08 +0000 2012,what's up with these jailbaits these days lol fml no-go
Thu Feb 16 19:32:54 +0000 2012,#jailbait!!!!!
Thu Feb 16 19:06:07 +0000 2012,I liked a @YouTube video from @sourcefed http://t.co/rAkcD1E1 Reddit bans Jailbait and Child Pr0n?!
Fri Feb 17 04:02:01 +0000 2012,@ROBRAYDEN_ did you really go to the office?:L JAILBAIT!
Thu Feb 16 18:06:14 +0000 2012,I liked an @YouTube videofrom @sourcefed http://t.co/Uzlv6V7F Reddit bans Jailbait and Child Pr0n?!
Thu Feb 16 15:05:05 +0000 2012,@FUNsizedd__ jailbait forum thread photos pics  http://t.co/2JZGyv12
Thu Feb 16 15:05:05 +0000 2012,@FUNsizedd__ jailbait forum thread photos pics  http://t.co/2JZGyv12
Thu Feb 16 14:26:25 +0000 2012,@CharLewis93 more like get in my bed ! I'm Loving the #Jailbait
Thu Feb 23 22:48:07 +0000 2012,@kmillz44 .... oh... that explains alot.. im embarassed.. #jailbait
Thu Feb 23 18:19:11 +0000 2012,Everytime I go to my sisters flat the first thing I smell when I get into her building is weed.  #parttimedrugdealer #jailbait
Thu Feb 23 17:11:31 +0000 2012,"For all those creepy pedophiles-be happy, Dakota Fanning is now 18 and Ladies, soon-so will Justin Bieber. No longer jailbait haha #uhoh"
Sun Feb 12 19:19:33 +0000 2012,Jailbait #np
Mon Feb 13 04:47:40 +0000 2012,of course i would fall for the other jailbait fml ;;
Mon Feb 13 00:14:31 +0000 2012,RT @ImAPearl_Paige: Maury on twitter..... #JailBait #CellBlock16 and #SisterWife.... lmao
Mon Feb 13 03:09:03 +0000 2012,RT @Mobute: Vampires. Gotcha. RT @mtsw: Something tells me the r/jailbait subscribers aren't the most reflective bunch.
Sun Feb 12 22:08:37 +0000 2012,RT @alwaysanm: All this jailbait around me.
Sun Feb 26 06:36:30 +0000 2012,My homegirl @Jayyy_Pruitt blowin up lol #jailbait
Sat Feb 25 08:17:40 +0000 2012,Jailbait Brunette in Red Bikini Top Makes Fantastic Basketball Shot: She’s a Baller. A Shot Caller. Video Rating... http://t.co/tKR9vSj1
Sun Feb 26 04:50:59 +0000 2012,They only like me cause I'm 16. #jailbait
Sat Feb 25 11:17:22 +0000 2012,@lisachaves @ophelialemons YES. i think? they look like jailbait though
Sat Feb 25 20:50:26 +0000 2012,Jailbait sucker
Mon Feb 06 19:19:00 +0000 2012,@leannexlyx #jailbait haha x
Mon Feb 06 21:05:23 +0000 2012,played the song 'Jailbait' by Accidental Blues on @myspace http://t.co/3SvttAoI
Mon Feb 06 18:09:48 +0000 2012,"RT @DIAMONDTONYA: ""@COCOCUDDYBUDDY: Like.Em.Young.NET""JAILBAIT THO"
Fri Feb 24 23:32:01 +0000 2012,@mushroombeast but I can't smile 4 shyt. so I look like jailbait lollllllll
Fri Feb 24 12:18:06 +0000 2012,"just kidding. ""Those days are gone forever"" lol but not if you keep picking up jailbait, Don"
Sat Feb 25 01:35:52 +0000 2012,"NO JAILBAIT!No ratchetness,bisexuals,dumbasses or dumb ass twitter names,must b pretty enough for me to wanna put u in my bio lol"
Tue Feb 28 21:25:20 +0000 2012,"RT @Stubo69: fuck sake, your knee deep in about the jailbait!"
Tue Feb 28 20:34:01 +0000 2012,Jailbait de Ed Wood  http://t.co/Uazi02t3 filme completo
Tue Feb 28 17:35:52 +0000 2012,"Seen a person destined for prison on Family Fortunes. ""Name somewhere you would take someone on a date"". He replied ""The woods"". #jailbait"
Mon Feb 20 06:13:00 +0000 2012,"I wanna say something, but I don't know how old you are. I hope you're not jailbait."
Sun Feb 19 18:20:37 +0000 2012,@Nboy1029 oh damn barely legal!   #jailbait ha ha
Sun Feb 19 20:51:23 +0000 2012,OMGOGMOGMGOMGOGM MY JAILBAIT LIKED MY STATUS ................keep it cool rach. real smoooooth
Sun Feb 19 17:58:03 +0000 2012,"@JohnFrankParker You're 60? I thought you were 70 haha, if I'm so much of a jailbait then quit talking to me you fucking loser"
Wed Feb 22 16:34:44 +0000 2012,“@DiS_TaNt_LoVe: I wonder how many people on my TL are 18 and younger”&lt;~~let me know so I can unfollow they jailbait asses!
Wed Feb 22 13:43:04 +0000 2012,@alexjazb är de värda risken nu eller måste man vänta några år? #jailbait
Wed Feb 22 21:59:28 +0000 2012,Photoset: jailbait-panda: http://t.co/R0IwB24o
Thu Feb 02 02:20:26 +0000 2012,Too much jailbait on instagram
Thu Feb 02 02:54:56 +0000 2012,#np Jailbait-PANTyRAID
Thu Feb 02 05:53:18 +0000 2012,"@Laura_Emily8 You do seem to like the youthful ones. (Anyone from the Potter world is jailbait, Snape aside.) A great cougar you shall be!"
Wed Feb 01 21:06:03 +0000 2012,Avicii - Jailbait #np
Wed Feb 01 09:15:47 +0000 2012,"No way @dionneofficial is just turning 16 today, thought she was like 20 #jailbait #worthit"
Wed Feb 01 20:02:47 +0000 2012,#3wordsthatgirlshate 'clunge' 'piffy' 'jailbait'
Wed Feb 01 17:38:39 +0000 2012,@dashnermuxmm4 best jailbait photos  http://t.co/s2jYfWaB
Wed Feb 01 17:35:34 +0000 2012,@Kim_Bruning jailbait photos  http://t.co/O78IHWpP
Sat Feb 04 02:25:43 +0000 2012,@pookiematthes @adamcianciarulo jailbait?
Fri Feb 03 08:46:06 +0000 2012,@jimmyfallon on tv in front of me w/ Taylor Lautner.not a bad thing to workout w/except 4 that awkward moment when you realize he's jailbait
Fri Feb 03 12:49:54 +0000 2012,"@Owright26 your just a southern twat, wake up and smell the coffee. Terrys career is over. #jailbait"
Fri Feb 03 12:49:54 +0000 2012,"@Owright26 your just a southern twat, wake up and smell the coffee. Terrys career is over. #jailbait"
Fri Feb 03 12:13:56 +0000 2012,"C.C.Cole: On Jailbait, Dragons, and Pantyhose http://t.co/Mw23I8FV"
Sat Feb 04 03:20:33 +0000 2012,Jailbait https://t.co/qgakWWEG
Sat Feb 04 01:42:40 +0000 2012,Sexy Teens http://t.co/eKk1KNwY #anarchy #jailbait
Tue Feb 14 21:10:13 +0000 2012,Big fat gypsy wedding #ideal #jailbait
Tue Feb 14 21:05:45 +0000 2012,#gypsyweddings consists of pushy parents and slutty jailbait. Snm.
Tue Feb 14 09:51:26 +0000 2012,“@khadijamary: wonder if @Jaanniiquaa is gonna send Kartel some loving in prison #jailbait 😝” LOOOOOOOOOL
Sun Feb 05 23:31:11 +0000 2012,@charlie_whiting what about the jailbait that greats the top three drivers? #F1
Sun Feb 05 08:46:37 +0000 2012,"-_________- Lmao""@BigDaddyStef: @Kitty_WFGN your a molester if they call you bf jailbait'!! Haha"""
Sun Feb 05 11:44:21 +0000 2012,@Lanyi96 jailbait forum thread photos pics  http://t.co/a8I8IMxQ
Tue Feb 21 13:02:26 +0000 2012,“@taylorelise: Woo me and @cargish are legal today 🎉🎈🎁” YAYYY no longer jailbait 👍👍👍
Tue Feb 21 21:43:58 +0000 2012,"RT @ClassicMcCoach: ""I want to get a job at the hub so I can serve up my sausage to some jailbait first years."" The couple next to us mo ..."
Wed Feb 22 03:58:50 +0000 2012,@RPettay @swatxsonx3 #jailbait you about to kiss my ass. #suckonthat ;)
Tue Feb 21 22:59:16 +0000 2012,"@iLikeSEXDaily Ask to join in, because jailbait will get you jail time. #education"
Tue Feb 21 20:51:46 +0000 2012,New contest - exploitation movie titles you could never get away with today.First 2 nominees :Jailbait Babysitter and Schoolgirls In Chains
Tue Feb 21 17:38:41 +0000 2012,600th tweet goes out to the birthday girl! @ChelseaPedigo35 #jailbait #butit'smybirthday
Mon Feb 27 08:11:34 +0000 2012,#myweakness Jailbait.
Tue Feb 28 01:32:55 +0000 2012,@SleezyJ_ 1) jailbait 2) stepmom
Thu Mar 01 04:01:28 +0000 2012,RT @k8ss_: I'm cautious about jailbait.
Thu Mar 01 03:39:39 +0000 2012,"RT @mizzbrownlady: As u shud b!! Wit ur jailbait ass RT @bawsekittyy: no bullshit, i'm scared of older men.. like 23+"
Wed Feb 29 22:06:49 +0000 2012,especially cause he'd be mad burnt when he saw i'm only sixteen #jailbait
Sat Feb 04 16:39:02 +0000 2012,@jaybrice jailbait photos  http://t.co/lKKSHJUE
Sat Feb 04 16:13:46 +0000 2012,@Jacob_X best jailbait photos  http://t.co/cQIXzTmP
Sat Feb 04 19:02:30 +0000 2012,@haraldfelgner free jailbait gallery  http://t.co/MkyiUahk
Sat Feb 04 19:46:16 +0000 2012,@Cintje_Tatie Taylor was het enige positieve aan de hele film ;) Jammer dat hij jailbait is hahahaha
Sat Feb 04 19:55:33 +0000 2012,@_mnicole cute young jailbait photos  http://t.co/uDvv3qDl
Sat Feb 04 21:16:35 +0000 2012,@nymedium free jailbait gallery  http://t.co/wWaAF7Cw
Sat Feb 04 12:24:23 +0000 2012,my cute teens: http://t.co/JXB2MnKa #anarchy #jailbait
Sat Feb 04 11:04:18 +0000 2012,"Sooo the partys postponed LOL, its gunna be full of Jailbait anyway"
Sat Feb 04 15:20:30 +0000 2012,@Luv_Court free jailbait gallery  http://t.co/txtiYdqE
Sat Feb 04 14:44:21 +0000 2012,@HannahWInkworth sorry tubbs forgot your like 12 #jailbait
Sat Feb 04 17:50:31 +0000 2012,@NovieDBreezy jailbait forum thread photos pics  http://t.co/a8Vcg7Kd
Thu Feb 02 23:41:38 +0000 2012,RT @TheKelvinScale: @yookitty more cushion for the pushin.. #gaytweet #jailbait #gross
Fri Feb 03 02:44:26 +0000 2012,my cute teens: http://t.co/5H3fbEUa #anarchy #jailbait
Fri Feb 03 02:09:28 +0000 2012,@DarioJukic68 @annaaxo3 sadly I could... one thinks im super hot ... #jailbait
Fri Feb 03 02:11:47 +0000 2012,I hope this lil chick dnt come with her mama....she tryd to set me up....#jailbait
Fri Feb 03 05:40:28 +0000 2012,RT @daplusk: Texas: Where you can be jailbait and a MILF at the same time.
Thu Feb 02 21:02:22 +0000 2012,#np Avicii - Jailbait #awesome #beats!
Thu Feb 02 21:10:15 +0000 2012,Avicii- Jailbait #np
Fri Feb 03 04:42:35 +0000 2012,@kelliemargera omg she is jailbait!!!!!
Fri Feb 03 00:55:24 +0000 2012,"""@Glitzy_Blonde: @KyrrBurrell noooo waaayyy #jailbait"""
Thu Feb 02 18:35:35 +0000 2012,@kingasays those boys are all jailbaits creepo
Fri Feb 03 01:51:39 +0000 2012,RT @daplusk: Texas: Where you can be jailbait and a MILF at the same time.
Fri Feb 03 01:56:10 +0000 2012,RT @daplusk: Texas: Where you can be jailbait and a MILF at the same time.
Fri Feb 17 16:54:18 +0000 2012,"My Sister's Bio Says ""Apparently Jailbait"".........Who Said She's Attractive, Let Lucifer Claim Your Soul"
Fri Feb 17 19:46:04 +0000 2012,Hate my sister's friends they just sit there ans stare at me - Piss off you jailbait leave my house.
Fri Feb 17 08:24:41 +0000 2012,"I now only answer to the name ""Jailbait""."
Mon Feb 20 16:20:16 +0000 2012,Avicii - Jailbait #NP    zooooooooooooo flex nummer
Mon Feb 20 23:24:14 +0000 2012,Has anyone seen this crazy site http://t.co/IRv7aBxK http://t.co/TbCUqAIU #anarchy #jailbait
Tue Feb 21 04:20:39 +0000 2012,@jakemazzola that's what we get for partying with jailbait
Tue Feb 21 03:05:30 +0000 2012,Like what do i look like hooking up with a 20 year old #jailbait
Mon Feb 20 18:58:41 +0000 2012,@TheCalvinPeters @laurenhurrell @jgraant @harryfordy @hparsnipss shut up. Is she jailbait or not fellas? May still classify.........
Mon Feb 20 14:08:51 +0000 2012,Even though I still look about 15..But that's cool I can be #jailbait forever.
Mon Feb 20 17:44:59 +0000 2012,@stephaddisonxx lmao it is shit!!! Just dressing like jailbait is not my thing :( awfullll!
Mon Feb 20 17:47:58 +0000 2012,@mammywahwah @ribenahoelick jailbait?;)
Wed Feb 15 10:25:02 +0000 2012,valentines dinner with the girls was a success however Babylon was not...everyone was on half term #jailbait
Thu Feb 16 01:14:17 +0000 2012,@rebajunkie omgeez I love you Jailbait!
Thu Feb 16 01:15:40 +0000 2012,@cee_m I hate how I don't think before I speak. This is how I end up making REALLY inappropriate jokes and accidentally hitting on jailbait.
Sun Feb 26 19:45:55 +0000 2012,I miss being jailbait
Sun Feb 26 19:41:42 +0000 2012,"RT @kellyoxford: ""A freshfaced girl"" is a nice way of saying, ""Jailbait. Don't try to fuck her."""
Sun Feb 26 21:51:08 +0000 2012,"Now all the jailbait have iPhones, all I see is them stupid fucking emoji things! "
Sun Feb 26 15:02:21 +0000 2012,just got called jailbait yup
Sat Feb 11 23:29:33 +0000 2012,"Putain mais Léo de Carbon Airways. Oui parce que dans ma tête je la surnomme Léo. C'est pas du jailbait, elle doit être à peine plus jeune !"
Sun Feb 12 00:31:38 +0000 2012,Jailbait strikes again &gt;;)
Thu Feb 09 05:21:40 +0000 2012,RT @Fuck_YaLife: @LetMeLickItOff lmfaoo how did you manage to go from jailbait to cougar so fast?!
Thu Feb 09 04:29:13 +0000 2012,"@feel_noRemorse @Steph0liveira @09Josi91 lol dont worry Josias, Im sure you'll day will come...just keep up the #jailbait shit...."
Wed Feb 08 22:49:17 +0000 2012,Aaaw this little boy is too cute but honey you're what I like to call #JailBait .
Sat Feb 18 16:55:29 +0000 2012,@_BBanks_ Goodmorning jailbait :)
Sat Feb 18 09:03:48 +0000 2012,So impressed with tonights events. #bitchesbetrippin #jailbait #thankgodigotfriends #unlikeyou
Sun Feb 19 00:44:04 +0000 2012,"I had to take 2 for today.  Jailbait, tall DRINK of water in a clean glass!! This is for you, Heather! #febp http://t.co/KS6gVNQu"
Sat Feb 18 18:25:25 +0000 2012,Me and @T_Raww_ saw soo much jailbait last night tho...
Mon Feb 13 16:38:20 +0000 2012,Lmao @TaMaige_Kennedy: Kml n jim hill getn my sis a dismissal& lil girls askn who i am...let me go b4 i b jailbait
Mon Feb 13 23:17:59 +0000 2012,@_ChasityJ jailbait forum thread photos pics  http://t.co/KDmeEgy2
Mon Feb 13 19:20:02 +0000 2012,@Freemon cute young jailbait photos  http://t.co/LLiEMTHu
Mon Feb 13 19:19:56 +0000 2012,@arimarie8 free jailbait gallery  http://t.co/XOOwxmDy
Tue Feb 14 02:10:22 +0000 2012,You better jailbait &gt;:) lol @india714
Tue Feb 14 04:34:46 +0000 2012,True love with my baby @MitchieMays #jailbait http://t.co/TpwYhxEf
Mon Feb 13 15:43:58 +0000 2012,"Michael Jackson, ""Thriller (Filipino jailbait remix)"": contains scarier faces than original video. http://t.co/y9a0biRk via @youtube"
Mon Feb 13 15:41:47 +0000 2012,"Michael Jackson, ""Thriller (Manila jailbait remix)"": faces scarier than original video. http://t.co/y9a0biRk via @youtube"
Tue Feb 14 01:21:59 +0000 2012,Thankfully I am a purple band. The cray cray jailbait that had her hands all over me in the waiting dMYAEO
Mon Feb 13 17:35:13 +0000 2012,RT @BillyTheeKid: so glad I'm not going watford tonight! #jailbait « loooooooool
Mon Feb 13 17:51:53 +0000 2012,Does @YourAnonNews have an opinion on the jailbait and CP constantly being posted on Reddit?
Tue Feb 07 23:25:04 +0000 2012,Lol thatz not Jail bait. Itz under 18. RT @COLEgatePhresh oomf is 18.... JAILBAIT!!!!!! lol
Wed Feb 08 04:07:54 +0000 2012,"RT @trillkitten: ""You gone catch me case jailbait"" #igetthatalot"
Tue Feb 07 22:17:32 +0000 2012,Silly girls pushing up their baby fat 'boobs' #jailbait #sluts
Tue Feb 07 22:18:44 +0000 2012,[url=http://postimage.org/image/711lhwyxp/][img]http://t.co/JCloJfg1 http://t.co/QdR6xXeJ #anarchy #jailbait
Tue Feb 07 18:22:40 +0000 2012,@awakemys0ul_ woo your jailbait for another 5 months party
Wed Feb 08 01:39:04 +0000 2012,@turtleslikealex jailbait!
Tue Feb 07 17:32:13 +0000 2012,RT @FrankieCamp_x: @Leoncalvin #jailbaits are to dumb to use twitter ..
Fri Feb 10 16:39:42 +0000 2012,“@dunpizzle: “@_msRITE2u_: Da counselor just told me i look 12 today!!!” jailbait”&lt;&lt;&lt;booooo!!!!lmao
