created_at,text
Sun Feb 10 06:53:31 +0000 2013,"There's Taemin, Daesung, Ren and then Ilhoon. I love how the possible jailbait are chilling together on my dash. &gt;.&gt;;"
Sat Feb 09 07:28:57 +0000 2013,Happy birthday to my brother from another mother @haaylewisx offically no longer jailbait ;)
Sat Feb 09 07:36:14 +0000 2013,"HILARY'S 14 YEARS OLD, WHAT IS THIS?!?!?! /once again, i fell for the jailbait OTL/"
Sun Feb 10 02:41:36 +0000 2013,too bad im jailbait.
Sun Feb 10 05:35:12 +0000 2013,Austin Mahone 😍 #Jailbait #BieberComeUp
Sat Feb 09 21:54:58 +0000 2013,@Steff_ YES! haha :') awhwwwwww best gig evarrr! Jailbait :P
Sat Feb 09 20:49:15 +0000 2013,There must be a jailbait factory that Coney Island uses to manufacture their waitresses.
Sat Feb 16 16:24:36 +0000 2013,"God's been testing me ever since I turned 18, letting me come in contact with too much jailbait."
Sun Feb 17 02:11:13 +0000 2013,RT @KebsArcega: Lotta jailbait at the U for D10 finals...
Sat Feb 16 08:42:37 +0000 2013,"Jailbait Babysitter Full Movie High Quality


Jailbait Babysitter movie download

Actors:
Jerome Guardino
L http://t.co/dXkNiYJt"
Sun Feb 17 00:05:30 +0000 2013,#oomf jailbait 🙅.
Sat Feb 23 07:50:53 +0000 2013,#jailbait
Sun Feb 24 04:12:53 +0000 2013,"I'm not some piece of jailbait ass, so @tylerseguin92 won't talk to me."
Sun Feb 24 01:19:30 +0000 2013,@NathanWaddell1 With jailbait overtones?
Sat Feb 23 20:39:34 +0000 2013,Huge tits &amp; pussy tease  http://t.co/aCS9IGuf3c #topless #bigtits #boobs #jailbait #selfshot #thong #sexy
Tue Feb 12 16:24:58 +0000 2013,RT @januaryinsanity: @bananahoe jailbait n proud xoxo
Tue Feb 12 19:52:23 +0000 2013,Photoset: the-timelord-girl-of-all-trades: jailbait-teenager: #ladies and gentlemen # may i proudly present... http://t.co/M35JdMsJ
Wed Feb 13 05:07:37 +0000 2013,Wish I haven't #JailBait
Tue Feb 12 12:13:11 +0000 2013,Asian Teen Face Jailbait http://t.co/JIssGS27 #bukkake
Tue Feb 12 15:46:38 +0000 2013,L o l Salwa guess buckwild got a lil too wild for ya? #jailbait #idiot
Mon Feb 25 08:17:19 +0000 2013,tintap took their jailbait title to the next level
Mon Feb 25 10:42:45 +0000 2013,"RT @nobodynik: @AldoWalsh well you're certainly not even impressing the jailbait on here like the other boys cause you're ugly and pout, ..."
Tue Feb 26 03:32:38 +0000 2013,Stop getting yourself for girls that don't care about you as much as I do. Especially the slutty jailbait -_-
Tue Feb 26 03:21:39 +0000 2013,"""You're jailbait"""
Mon Feb 25 22:30:37 +0000 2013,@_xRissiBaby lmfaooo :O You der as if I does mingle with the jailbait
Mon Feb 25 22:33:20 +0000 2013,"""Jailbait Dimbleby"" AHAHA #BlackMirror"
Mon Feb 25 18:48:15 +0000 2013,I can't fukk with none of my class mates no more. More than half are #JailBait
Wed Feb 06 19:23:57 +0000 2013,@passion4pizza jailbait him who cares
Thu Feb 07 02:42:39 +0000 2013,…Chris Mendeecees Robert Kelly-Stokes RT @atasteoflove: Jailbait is up next
Thu Feb 07 05:05:15 +0000 2013,RT @fayjama: It's official ... You're now jailbait Cody Simpson.
Wed Feb 06 08:43:51 +0000 2013,RT @Ellen_Dark: @InKieranWeTrust happy birthday! You are no longer jailbait. Welcome to adulthood :)
Wed Feb 06 22:03:19 +0000 2013,@iIllumiinati youse are jailbait bastards
Thu Feb 07 01:34:01 +0000 2013,104 days until I lose my 'jailbait' title. #FuckYeah
Thu Feb 07 01:14:20 +0000 2013,RT @ChloeMile: I miss being jailbait :(
Thu Feb 07 01:54:09 +0000 2013,I actually gave shawty a compliment. Saying she look like jailbait meaning she look young. That's a good thing. Shrugs. *skips away*
Sun Feb 24 23:25:22 +0000 2013,@GeorgiaJones_ I was genuinely shocked when I found out she had a boyfriend.........#baffled #jailbait #notcool
Mon Feb 25 05:59:14 +0000 2013,"BE CAREFULL NIGGAS, SOME OF THESE BITCHES IS JAILBAIT"
Mon Feb 25 05:25:13 +0000 2013,"RT @emilynussbaum: To people pointing out the joke was abt Clooney dating jailbait, yes, it was. But she is a 9 YEAR OLD GIRL in the aud ..."
Sun Feb 24 08:08:34 +0000 2013,@annawintours THIS ONE ISN'T SEXUAL AT ALL HE LOOKS LIKE JAILBAIT LIAM http://t.co/1lu3An2qdW
Mon Feb 25 03:02:41 +0000 2013,"RT @nonmail06010: Nonmailsnutz the podcast Episode 17 ""Still Jailbait"" up on http://t.co/grxeAgtYMq and soon on Sticher and iTunes I hope."
Mon Feb 25 03:05:24 +0000 2013,"RT @nonmail06010: Nonmailsnutz the podcast Episode 17 ""Still Jailbait"" up on http://t.co/grxeAgtYMq and soon on Sticher and iTunes I hope."
Sun Feb 24 22:57:32 +0000 2013,RT @MikeyLoValen: @lil_amarealz hahaha that's funny 😂🔞 #Jailbait #wheresYo🆔
Fri Mar 01 02:43:19 +0000 2013,Hahahahha this man's girl still need a booster seat! #babysittin #jailbait
Thu Feb 28 21:22:10 +0000 2013,@parkwaygem @radicunt_ @lionhxart @eighteencool Gem I would eat your jailbait arsehole xxxxxxxxxxxxxxxxxx
Thu Feb 28 20:15:50 +0000 2013,"Pretty, sweet young girls for you http://t.co/KLD53WHaVa #jailbait #jb #forum"
Thu Feb 28 17:04:43 +0000 2013,Jailbait Teens pics Collection http://t.co/f7NAntqmv5 #anarchy #donate
Thu Feb 28 17:35:21 +0000 2013,@ToughSpaghetti guess I better get with the times. Time to jailbait up.
Tue Feb 19 23:02:24 +0000 2013,@versacevomit jailbait
Wed Feb 20 06:38:40 +0000 2013,@jordanfr33bird  ask Jailbait ass @JuChainz
Wed Feb 20 02:54:13 +0000 2013,#PerksofDatingMe I'm jailbait
Tue Feb 19 21:55:20 +0000 2013,Love it when 12 year old girls get mouthy thinking they are the big I am.. Shut up you jailbait
Wed Feb 20 04:39:57 +0000 2013,Jk you're like a minor. Aka jailbait
Sat Feb 23 02:54:25 +0000 2013,@hotchocolatayy nah man that's you #cougar #jailbait 😉 btw IM HERE COME OUTSIDE
Sat Feb 23 05:50:54 +0000 2013,@Nixvn lmao you are so gross. #jailbait #yoysintfinnatrapmymomma
Sat Feb 23 04:16:08 +0000 2013,whatever little girl #JailBait haha RT @KassandraRod69 @JannelieGuey wow! Pervert
Fri Feb 01 16:20:33 +0000 2013,im 24 lol.... wow you're jailbait :P — Lol bye http://t.co/HxfE7427
Fri Feb 01 16:25:01 +0000 2013,"I'm almost 20 years old, but apparently I look like I'm still 16 or something.

lol #jailbait"
Fri Feb 01 21:22:18 +0000 2013,Nowadays people are shagging before they're even walking #jailbait #slags #mentioningnonames haha
Fri Feb 01 18:44:57 +0000 2013,"Wait, bad example: wasn't R Kelly a fan of jailbait?!"
Sat Feb 02 01:42:04 +0000 2013,@BradySpears fuck u bitch im still twitters best (latin) jailbait
Fri Feb 01 17:50:41 +0000 2013,@lucymiller78 go smell some weed #druggy #earsex #crocs #nunu #jailbait #hoohoohaha
Sun Feb 03 23:17:03 +0000 2013,RT @VANE_LIIII: seeing all those jailbait kids at pinq and up last night made met think back to how fun it was being jailbait :( &lt;3
Sun Feb 03 23:09:11 +0000 2013,RT @TobyTurner: JAILBAIT BAIT http://t.co/Db0LHU6Z
Sun Feb 03 23:06:39 +0000 2013,RT @TobyTurner: JAILBAIT BAIT http://t.co/Db0LHU6Z
Sun Feb 03 07:56:25 +0000 2013,@liz_in_my_pants your still considered jailbait...
Sun Feb 03 18:17:45 +0000 2013,Jailbait users that's all you are #bunchofcunts
Sun Feb 03 17:57:05 +0000 2013,"RT @JoeFinlayson1: If you're a senior, what posseses you to go after freshman #ThatsPathetic #JailBait"
Thu Feb 14 19:57:00 +0000 2013,RT @PlanetTyler: @_selenaa jailbait
Fri Feb 15 02:01:39 +0000 2013,"my stupid brother has got a few mates round and some jailbait girls getting drunk on WKD or some shit, fuck off home I want to sleep!"
Thu Feb 14 21:00:33 +0000 2013,"Rico again: ""jailbait is just so hot."" HELPPPPPP HAHAHAH"
Thu Feb 14 09:58:19 +0000 2013,can 17 year old boys be jailbait?
Fri Feb 15 00:20:47 +0000 2013,Bro your gonna get roped . Dont fuck with #Jailbait
Thu Feb 14 17:26:45 +0000 2013,A note from one of my sophomores. He is only 15! #valentinesday #jailbait http://t.co/VXajmJNF
Tue Feb 05 23:00:11 +0000 2013,"Girl just walked by saying... ""Yay, I can't wait to jailbait!"" Is this what girls really talk about..."
Tue Feb 05 23:54:01 +0000 2013,Have sex with me.  Is he jailbait? #glee  if he is...sam will do.  obvs.
Tue Feb 05 08:13:25 +0000 2013,"@Sushubh Not reddit jailbait, you know that :P"
Tue Feb 05 10:03:39 +0000 2013,@luke_brooks why are you so hot? #jailbait
Wed Feb 06 04:07:26 +0000 2013,RT @kimbrough88: This conversation with bender in crackin my shit up haha #jailbait
Wed Feb 06 03:58:27 +0000 2013,@DECORPRINCESS @TLC not the men anyone dates!!!!  Gay or jailbait??
Wed Feb 06 01:09:59 +0000 2013,"stoners, drama and jailbait"
Fri Feb 22 02:35:26 +0000 2013,"http://t.co/I0OCqH79WW To a murderer, we're all jailbait."
Fri Feb 22 04:07:44 +0000 2013,@Natedawg1630 haha yeah and he was saying jailbait tonight. He better watch out though hahaha
Fri Feb 22 03:24:46 +0000 2013,Jailbaits.
Thu Feb 21 22:44:43 +0000 2013,Do I look jailbait or wat #jk @simeonsezz http://t.co/REuKlIvmlU
Fri Feb 22 01:35:33 +0000 2013,"RT @PaixAimerVie: I hate it when i get a boner and it hits my chin.
-Jailbait."
Wed Feb 27 16:59:23 +0000 2013,@JODiiHiGHROLLER lmao your so gonna be on itv news eventually #jailbait xxxx
Wed Feb 27 23:58:37 +0000 2013,don't fuck your life up fucking around w|them jailbaits son.
Wed Feb 27 23:58:37 +0000 2013,don't fuck your life up fucking around w|them jailbaits son.
Thu Feb 28 05:28:50 +0000 2013,@Justinhaack09 you miss staring at jailbait on a daily basis
Wed Feb 27 10:33:20 +0000 2013,it sucks I wanna be with guys who are like 18 :( #jailbait
Wed Feb 27 21:54:10 +0000 2013,"well known on the seen, jailbait queen, had the first baby barely 18."
Wed Feb 27 12:26:56 +0000 2013,Outside the works full of one direction fans. #jailbait
Thu Feb 28 04:51:03 +0000 2013,A lil #jailbait #tease tonight- This tiny body and #puffy nipples how can u resist. #daddysgirl #ageplay #daddydaughter #teensex #Phonesex
Wed Feb 27 22:08:34 +0000 2013,Apparently all of Burnsville HS girls and hockey moms have invaded the Dinkytown bar that I am in right now #cougartown #jailbait
Tue Feb 05 03:26:16 +0000 2013,@austinmichael88 @spudmuffin69 #creepin #jailbait
Mon Feb 04 20:31:57 +0000 2013,#Datass @ http://t.co/WUzilPSc #JailBait #TH3R3DH00D
Sun Feb 03 06:24:05 +0000 2013,All these high school bitches. #jailbait. #Bedtime #gohome
Sat Feb 02 19:04:12 +0000 2013,Getting id'd everywhere i go hahaha #poorrhys #jailbait #sozbabe
Sat Feb 02 22:07:19 +0000 2013,This little bastard was 1 inch shy of being legal damn it lol #JailBait http://t.co/NUvkhLMx
Mon Feb 18 00:58:31 +0000 2013,RT @ProfesionalPrik: Dappy is shit. It's chavs and jailbait that like him.
Mon Feb 18 01:20:56 +0000 2013,@_volvata @Dacidbro I ain't buying you gifts. Too jailbait. And im not at the con. Don't feel like paying 20 to get in for no dacid
Mon Feb 18 01:07:20 +0000 2013,RT @VisualOrgans: @Jerryson_ jailbait all over
Sun Feb 17 20:49:47 +0000 2013,Mothers such a bitch for inviting her friend and her jailbait daughter to stay with us for a week. What am I meant to do with a 16 year old.
Wed Feb 20 10:46:03 +0000 2013,“@TheNamesIsaac: @grapedoodle standard. It's the jailbait anthem. Imma still be vybzing to it 🙅” 🙀
Wed Feb 20 22:42:36 +0000 2013,@ssexorcism jailbait
Thu Feb 21 01:18:58 +0000 2013,#JailBait #NoLogic lmfao @Babies97
Fri Feb 15 23:00:58 +0000 2013,"“@youngD134: If age is just a number, then jail is just  an empty room. #notworthit #jailbait”"
Fri Feb 15 21:42:20 +0000 2013,Winterfest was a lot of fun even though we sucked. #jailbait. #whatevs. :)
Tue Feb 26 23:19:34 +0000 2013,Jailbait Doin’ Crimes in New SPRING BREAKERS Trailer &amp; Poster | http://t.co/HPTC1h74F9 http://t.co/yQidoAEOMd via @chuddotcom
Wed Feb 27 05:43:37 +0000 2013,"mantengo mi postura, voy por Nick Jonas, aunque era mas rico cuando era jailbait con pelito ruliento #viña2013 #jonasbrothers"
Wed Feb 27 04:43:02 +0000 2013,“@omariofficial: I tried to make one of my followers my boo today but she was too young. lmao” #jailbait lol
Wed Feb 27 01:44:45 +0000 2013,@JordanGarmon #jailbait 😂😂😂😂
Mon Feb 11 21:20:46 +0000 2013,Jailbait opens tomorrow! Tell your friends and buy tickets at http://t.co/9Q3AMtUt! #jailbait
Mon Feb 11 18:59:49 +0000 2013,if there are bare jailbait in the park out to ruin my peaceful joint smoking sesh then heads will roll.
Mon Feb 11 15:34:32 +0000 2013,"@TheRealD33 #obalivetweets we got a grade 6 band comin up, starting them nice and young #jailbait"
Fri Feb 08 23:52:36 +0000 2013,"Shoutout to the poor guy that just ATTEMPTED to send a round of shots to our table, LOL! Sorry dude, we're #jailbait."
Sat Feb 09 03:58:14 +0000 2013,Only HOT CUTE JAILBAIT GIRLS Teen Young Sexy Hot.. http://t.co/9jUNLy4i
Fri Feb 08 20:19:17 +0000 2013,Uh ohh GBH Deeney on a hype #jailbait
Fri Feb 08 14:02:21 +0000 2013,RT @HornyDude86: I would do terrible things to this boy lol #jailbait #horny http://t.co/jmCj0xrL
Tue Feb 19 02:54:17 +0000 2013,@ThatZebraBitch you would say that. Lol no. I'm jailbait
Tue Feb 19 02:08:03 +0000 2013,I have NO respect for you if you date jailbaits.
Tue Feb 19 02:19:15 +0000 2013,RT @OrchardGang: There is quite a few illegal relationships at plainwell high now a days.  #dammmngirl #jailbait
Tue Feb 19 03:23:12 +0000 2013,OLTL - Starr's Jailbait Music Video - 2011.12.28: http://t.co/QWilNtGu via @youtube unexpected racy vid b @krisalderson!
Wed Feb 13 19:19:04 +0000 2013,Men who go town every Tuesday. You know there hungry for some underage narni. #JailBait
Wed Feb 13 07:28:44 +0000 2013,RT @ExperimentBL626: Forever jailbait. RT @Firebaptizedd: Is Justin beiber 18 yet?
Wed Feb 13 10:41:36 +0000 2013,"""@Jack_disley: “@beckiicarvaa: 2 months today till I'm 18 ! Hurry uppp pleaseeeeee #april13th” Jailbait hahaha"" I'm Jailbait to!"
Wed Feb 13 21:20:17 +0000 2013,@Nikkisims89 anything under 45 is just jailbait lmfao #purejokes xxx
Thu Feb 14 00:23:33 +0000 2013,Before You Exit is next. They're cute but they're jailbait.
Thu Feb 14 03:48:35 +0000 2013,To bad I'm jailbait haha.
Wed Feb 13 15:00:45 +0000 2013,@ZachDelicious he has his new Jailbait squeeze down the road lol
Thu Feb 14 01:32:48 +0000 2013,"@sophie_borges @Mrs_Juulia @Tavarespedro @TheLucasCosta @jessiebrum Guriazinha casablancas é ilegal ein galera, JAILBAIT JAILBAIT chat terra"
Thu Feb 14 01:18:41 +0000 2013,@taengible sorry you're still jailbait-esque
Wed Feb 13 20:36:02 +0000 2013,"Define ""jailbait"""
Fri Feb 08 02:47:33 +0000 2013,@thekerp #jailbait #readygo #tinder
Fri Feb 08 05:05:23 +0000 2013,#JailBait
Thu Feb 07 20:33:19 +0000 2013,"Why you trying so hard to be in the picture ? You ain't neva gonna be in it , so stop trying #jailbait #sidelinebitch"
Thu Feb 07 20:51:22 +0000 2013,RT @Boots__: why does this freshman have to have such a nice butt.. #JailBait
Thu Feb 07 17:01:28 +0000 2013,"RT @Ronald_MacKay: “@eke_paez: @Ronald_MacKay Jueves con ""J"" de ""JailBait"".” Ya buscaron JailBait en google images??"
Sun Feb 10 16:06:00 +0000 2013,RT @OGmackman: @nazilolita @lilbthebasedgod #jailbait
Mon Feb 11 06:54:25 +0000 2013,@EbonyJ_1913 i never knew fo a BADBUILT girl like yourself think dey qualify in REAL LIFE U DJ JAILBAIT EBONY FREEGAME FO YA!
Mon Feb 11 05:42:51 +0000 2013,Remember everyone use to say jailbait.. U jailbait ctfuu
Mon Feb 11 01:26:05 +0000 2013,#jailbait http://t.co/yMlzomC6
Mon Feb 11 01:52:45 +0000 2013,"@Dominic_Clifton straight up fam, slags from day now, jailbait bitches be rolling in short shorts and Paul's Boutique #facepalm"
Sun Feb 10 20:26:30 +0000 2013,"""@whitebitch123: Today's a new day."" #outlaw #badbitch #jailbait"
Sun Feb 10 17:23:23 +0000 2013,"@HawkinsLizzie @sarahleggexo @kaatehannah she was wearing a blue sparkly dress, long brown hair- I reckon she was jailbait, she was FUCKED"
