created_at,text
Wed Oct 31 22:48:35 +0000 2012,@Aliceeeexxx I'm jailbait hahah
Wed Oct 31 06:07:37 +0000 2012,RT @DhruvGoSwallome: @bkdatdude @MAYfuckinYUMI haaaaayye lookin cute jailbait
Wed Oct 31 23:32:06 +0000 2012,&amp;&amp; Then There's JAILBAIT !
Thu Nov 01 02:24:27 +0000 2012,"Random girls: ""we're not kids we're 16!"" 
@alcatrazam: ""you're still jailbait!"" Hahaha highlight of the night!"
Wed Oct 10 05:34:27 +0000 2012,@ChocoLovinAngel ((Honestly? I think the bird just hates anyone not willing to be jailbait...and thats everyone....gang rape? No thank you))
Wed Oct 10 05:46:24 +0000 2012,RT @HoLLyHood251: Your how old? Oh shit.  #jailbait #thatshitidontlike
Wed Oct 10 05:33:55 +0000 2012,Short JB Clip http://t.co/VilNm7IB #anarchy #jailbait
Tue Oct 09 12:37:49 +0000 2012,@ChrisBirdReed fancy going hunting for some fresh jailbait?
Wed Oct 10 04:46:16 +0000 2012,but nothing will happen cos jailbait i wish i lived in canada
Wed Oct 10 03:56:55 +0000 2012,Where'd that jailbait go though?
Wed Oct 10 02:32:53 +0000 2012,"""@LastManStandin_: My cuzin gone end up in jail messing with them jailbaits"" lmao shidddd no I won't"
Tue Oct 09 21:55:44 +0000 2012,@averyfan @kc9cgj Jeremy is jailbait!
Tue Oct 09 21:12:50 +0000 2012,that typical jailbait look. see it everywhere now
Wed Oct 10 00:13:39 +0000 2012,"Noun
prostitot
 1. A prepubescent girl (10-14 years old) who emulates the overtly sexual fashions and attitudes of sluts
Synonyms
 jailbait"
Tue Oct 16 22:50:53 +0000 2012,Amanda Todd’s “jailbait” blackmailer targeted http://t.co/gtfhBJXf via @Salon #RIPAmandaTodd
Tue Oct 16 18:08:17 +0000 2012,RT @jessehenderson2: Oh age is just a number? Yea and jail is only a room :) #robbinthecradle #jailbait
Wed Oct 17 01:58:10 +0000 2012,"@TylerHand7 she's only 17 hand, chill #jailbait"
Tue Oct 16 09:08:46 +0000 2012,RT @Y0urN3w0wn3r: Anonymous Tracked Down the Jailbait-Loving Perv Who Destroyed Amanda Todd's Life | VICE http://t.co/kAI40cP8 via @VICE
Tue Oct 16 11:13:44 +0000 2012,"@gillianwrightxx Don't worry man, ill gee u a laugh. N a need tae dae eh auld room en ill come doon, so ill jsd bbm ye? #jailbait #nedtalk"
Tue Oct 16 10:01:31 +0000 2012,@KittyRissPurrs lol. jailbait
Tue Oct 16 23:57:26 +0000 2012,@falloncarter21 @lnneat @caitymarieee and is that tied into your tweet about jailbait?
Wed Oct 17 02:04:19 +0000 2012,#Anonymous Tracked Down the Jailbait-Loving Perv Who Destroyed Amanda Todd's Life | VICE http://t.co/sAibsjZt via @VICE
Tue Oct 16 21:31:21 +0000 2012,RT @sophkilvington: @courtneyelise_ I fucking love you loads you little jailbait polo ;-)
Tue Oct 16 21:15:17 +0000 2012,Amanda Todd’s “jailbait” blackmailer exposed http://t.co/6IISYUwe via @Salon
Tue Oct 16 17:24:46 +0000 2012,"*guy at gas station follows me to my car to ask me my name*
Me- I'm 16
*guy leaves* 😂😂 #JAILBAIT"
Tue Oct 16 16:14:40 +0000 2012,Anonymous Tracked Down the Jailbait-Loving Perv Who Destroyed Amanda Todd's Life  http://t.co/MxzD26Nc via @VICE #RIPAmanda
Tue Oct 23 15:18:21 +0000 2012,RT @KBNye: #OMGFINALLYKRYSTALJUNGTURNSLEGALSOWEARENOTPEDOSANYMORE no more jailbait yayyyyyy
Tue Oct 23 22:07:49 +0000 2012,@Damnn_Stevie freshmen=jailbait
Tue Oct 23 12:40:36 +0000 2012,"RT @deer0se: I actually just saw a bio that said their age was ""1?"" 

jailbait at it's finest."
Tue Oct 23 17:24:34 +0000 2012,"People from hull are either, slags,druggies,jailbait,drunks,gang members or just general pricks"
Tue Oct 23 14:25:48 +0000 2012,jailbait
Tue Oct 23 13:58:42 +0000 2012,“@dailydot: Study: 88 percent of sexual pics uploaded by teens are stolen by jailbait-style porn sites: http://t.co/mLvhSZ1J”. Ugh
Fri Oct 12 22:11:33 +0000 2012,This 12 yr old sittin here trying to impress me... #jailbait #canterburykids
Sat Oct 13 05:15:59 +0000 2012,Ass #ass #teen #jailbait #young  http://t.co/Wg6qe3QN
Fri Oct 12 12:26:10 +0000 2012,me &amp; connie at desperate jailbait times in our life  http://t.co/B6eIgrrh
Sat Oct 13 01:17:27 +0000 2012,RMFT!“@nye_m: When these Freshman girls think these Senior boys want a relationship. Baha must be the pussy cuz it sho ain ya age #JailBait”
Fri Oct 12 17:22:15 +0000 2012,@ashleejadec92 jailbait capones? ;-)
Fri Oct 26 03:41:43 +0000 2012,"klaire is jailbait xD! lmao, im going to die"
Thu Oct 25 19:31:33 +0000 2012,"RT @madison_louisey: HAHA freshmen girls going to college parties. Girl you are jailbait, stop yourself."
Thu Oct 25 19:20:30 +0000 2012,The kid from sanduskey ohio doesnt find my humor funny....or his new name #jailbait
Thu Oct 25 13:41:53 +0000 2012,Jailbait
Sat Oct 06 15:22:51 +0000 2012,Dutty jailbait asking if i can get served. as a matter of fact i can but not for your obese underage ass
Sat Oct 06 22:13:23 +0000 2012,IMPORTANT: Immediately report illegal and/or malicious posts! http://t.co/1r5zgr6K #anarchy #jailbait
Sun Oct 07 04:03:47 +0000 2012,"#jailbait , lmfao"
Sat Oct 06 20:01:25 +0000 2012,so your what 19? and your talking to a girl thats 14? didn't you say you stay away from jailbait? #thatskindafunny
Sat Oct 06 20:07:53 +0000 2012,cute nn girls: http://t.co/eiGhXe7I #jailbait #jb #forum
Wed Oct 24 15:11:20 +0000 2012,@Zainmasta jailbait!
Thu Oct 25 05:20:18 +0000 2012,"RT @HuffingtonPost: GROSS: Creator of ""Jailbait"" online forum wants a job in the porno industry http://t.co/cySkTyMU"
Wed Oct 24 07:47:42 +0000 2012,RT @mermaidswag666: I'm this thing called jailbait wbu.
Wed Oct 24 11:05:31 +0000 2012,Dongho is a damn sexy jailbait and his shoulders too omfg sobs
Thu Oct 25 03:52:23 +0000 2012,do women have sex with underage males? or is jailbait just a girl thing?
Sun Oct 28 18:56:09 +0000 2012,“@thuandnguyen: Enzo's been a bad doggy! #boston #doggyparty #doggyhalloween #jailbait @ PawsWay http://t.co/RBncnZdT” so cute!
Sun Oct 28 20:24:58 +0000 2012,Avicii - Jailbait - The Singles iTunes Edition (2012).
Sun Oct 28 20:07:51 +0000 2012,Give @113KennyBhoy a follow. New account. He's been red carded more times than big Drunken Duncan Ferguson! #Rebel #Jailbait
Sun Oct 28 16:18:44 +0000 2012,Remember when seniors at SHA showed up to college parties dressed sluttier than anyone else #jailbait #babies @MauryFIelds @GraceRodgers12
Fri Oct 19 15:39:23 +0000 2012,Reddit troll: 'Jailbait' a mistake http://t.co/L4NcCAZr
Fri Oct 19 15:39:49 +0000 2012,#openfollow Reddit troll: 'Jailbait' a mistake: Drew Griffin sits down with one of the biggest t... http://t.co/A9mxDm84 #teamfollowback
Fri Oct 19 15:40:33 +0000 2012,Reddit troll: 'Jailbait' a mistake: Drew Griffin sits down with one of the biggest trolls on the Internet to exp... http://t.co/TFnD4KVC
Fri Oct 19 22:46:59 +0000 2012,Me on Omegle: jailbait female LA
Fri Oct 19 22:23:08 +0000 2012,Amanda Todd’s “jailbait” blackmailer targeted - http://t.co/CsZOKe8Y http://t.co/iyXPvrM3
Fri Oct 19 12:36:36 +0000 2012,#FF @AssPorter coz he's jailbait
Sat Oct 20 01:04:30 +0000 2012,Shan got treated to.a night out on pocket money #jailbait
Sat Oct 20 04:33:28 +0000 2012,@yasmin_cook @_alexgalarza #jailbait :(
Fri Oct 19 20:03:52 +0000 2012,"@vinceadmc I thought I was too... it's okay, you'll be praised with my presence soon enough. Unless you wanna come get me. #jailbait"
Fri Oct 19 23:11:54 +0000 2012,"RT @ptaylor_x: Me &amp; @jackdaviesUK hiding from all the joeys, jailbait and absolute wrongens! http://t.co/TlP1XxJ9"
Sat Oct 20 02:49:46 +0000 2012,"@Nath_Tay There is no point in Dursley aha, i cant believe u guys went to a 6th form capones aswell! #jailbait"
Sat Oct 20 02:05:30 +0000 2012,"Hit it before the hair does.
- @DAngeloCody117 #jailbait"
Fri Oct 19 14:57:14 +0000 2012,"RT @WWEAJLee: @HeymanHustle Use me as a prison distraction? I’d like to never be your jailbait, thank you very much."
Fri Oct 19 13:35:12 +0000 2012,RT @techsoc: .@Beschizza Still comparing jailbait &amp; creepshots to WoW--it's just a pretend space. Can't think of better example of e ...
Mon Oct 22 15:32:22 +0000 2012,RT @Daily_JailBait: #teen #jailbait  http://t.co/ZgV4Tjkc
Tue Oct 23 05:50:35 +0000 2012,#sexy #hot #beautiful #teen #jailbait http://t.co/hnzPfQeD
Mon Oct 22 10:46:21 +0000 2012,"He looks like BTK. Creepy mofo“@HuffingtonPost Notorious Reddit troll given a gold statue 4 posting ""jailbait"" photos http://t.co/kXpxRkKW”"
Mon Oct 22 23:51:41 +0000 2012,"RT @Daily_JailBait: RT if you like ass on the left
Favorite if you prefer the ass on the right 
#ass #teens #jailbait #young #se http:// ..."
Mon Oct 22 14:12:44 +0000 2012,@dfotw @ruffaloed 1. Okay how could you not even 2. I wish to death I got BBC here :( 3. Jailbait is who… ? *hides*
Mon Oct 22 19:21:09 +0000 2012,jailbait
Mon Oct 22 19:54:25 +0000 2012,RT @Daily_JailBait: #ass #butt #sexy #teen #jailbait http://t.co/yJFk13yE
Mon Oct 22 16:13:36 +0000 2012,@PhilipLamar is #18 #jailbait #thriller http://t.co/9kxXdJsh
Wed Oct 31 05:02:27 +0000 2012,Why do older guys try getting jailbait when theres perfectly fine girls around their age. #true.
Tue Oct 30 18:52:10 +0000 2012,"Oli, Rachel &amp; Lexi http://t.co/WlW8CmYv #anarchy #jailbait"
Tue Oct 30 18:40:51 +0000 2012,"""Oh look who it is, its jailbait! If only you were a year older... Mmmm"" ... Oh"
Tue Oct 30 06:59:01 +0000 2012,Do you guys even have a age limit when it comes to sex? Like is 16 too young or you're still willing? #JAILBAIT
Tue Oct 30 12:17:17 +0000 2012,"RT @JamessMansfield: 12 o clock at lakeside, when the jailbait arrives"
Tue Oct 30 11:55:33 +0000 2012,possible #halloween #costume #lol (arent i the cutest wittle piece of #jailbait your eyes have ever seen) http://t.co/zhyMc5Vq
Wed Oct 31 02:17:36 +0000 2012,Soo #Oomf Is Jailbait ? Lmao
Wed Oct 31 02:05:38 +0000 2012,I swear that boy so handsome. Sucks I wouldn't wait 17 years #jailbait
Tue Oct 30 13:59:49 +0000 2012,"Jay look like he's 13 in his avi. I'm not tweeting him. That's ""jailbait"""
Mon Oct 01 22:17:16 +0000 2012,RT @RheannRandall: I'm the first one to be like oh jailbaits when I'm the biggest jailb a live #leadingabaitlife
Tue Oct 02 04:19:45 +0000 2012,So Joondalup seems to be jailbait central then #eyesdown #darkshades
Tue Oct 02 03:58:16 +0000 2012,@angebarajas child rapist..... Bet my cougar Selena could whoop your jailbait
Mon Oct 01 10:29:45 +0000 2012,"Cody Simpson is major #jailbait I swear, he CANNOT be just 15.. -__-"
Mon Oct 01 23:16:49 +0000 2012,“@Coop_Asquad: Keke Palmer is Grade A Jailbait lol smh 😥😥😳”fact lol
Tue Oct 02 02:15:11 +0000 2012,She jailbait RT @FromNorthPhilly: Yeah DM me for details RT @LinaRosaTatted: Oh really? RT@FromNorthPhilly: Bitches love me because my sperm
Wed Oct 03 12:23:27 +0000 2012,Redrosid – Jailbait Ost #nowplaying
Wed Oct 03 09:28:13 +0000 2012,I'm watching Jailbait http://t.co/NrTATlA7 #GetGlue #Jailbait
Wed Oct 03 20:32:05 +0000 2012,"Jabril And Em' Was Callinq Me JailBait., :("
Sun Oct 14 22:21:21 +0000 2012,jailbait be lookin like u seen her at magic city these days
Mon Oct 15 03:04:53 +0000 2012,I look like jailbait with no makeup http://t.co/3iNJuIKq
Mon Oct 15 02:07:12 +0000 2012,RT @MainBangGermain: Jailbait #TheWalkingDead
Sun Oct 14 16:30:10 +0000 2012,My co-worker have me the nickname of jailbait #lmfao #great :p
Fri Oct 05 08:22:55 +0000 2012,It's so disappointing when you're reading through a hot persons tweets and then realise they talk to jailbaits...
Fri Oct 05 23:19:33 +0000 2012,"RT @JazzyDalton: ""I just wanna find a hot grade 10 and hook up with her"" *said by a grade 13* #jailbait"
Sun Oct 21 22:25:46 +0000 2012,@The_Augie If I swooned I could be arrested. #jailbait
Mon Oct 22 05:31:26 +0000 2012,"No @ruin_and_ruXt, please don't jailbait your ps3!"
Sun Oct 21 23:46:32 +0000 2012,"""That's not jailbait, that's easybait"""
Sun Oct 21 21:00:05 +0000 2012,RT @FunnyDNA: @_AaronMoore_ Jailbait. The struggle is real..
Sun Oct 21 14:58:40 +0000 2012,RT @motstrap: i swear these jailbait's nowadays
Sun Oct 28 05:02:44 +0000 2012,When a group of jailbait girls try to holla at you &lt;&lt;&lt;&lt;&lt;&lt; 😖😫
Sat Oct 27 18:52:03 +0000 2012,@AbbSimmonds hahahha JAILBAIT JUICE
Sat Oct 27 06:59:43 +0000 2012,i really cant freakin wait until my 18th birthday . im only interested in older guys but im JAILBAIT! 😭😭😭😭
Sun Oct 28 04:41:59 +0000 2012,"@Sgboy01 so jailbait, other than that how was yr night?"
Sat Oct 27 07:02:55 +0000 2012,"RT @badstella: @solvemypuzzles @ToxxicMelody_ is jailbait a metaphor for ""rly frickin cute""?????!!!!!?"
Sat Oct 27 20:12:09 +0000 2012,Can't take @katiehursty anywhere. she's pulled some jailbait
Sun Oct 28 02:55:08 +0000 2012,@mfc_truth ...Those were the days. Underage underground party slut. AKA jailbait AKA TURBOSLUT!!!!!!!!
Sat Oct 27 21:41:20 +0000 2012,#jailbait
Sat Oct 27 17:04:16 +0000 2012,Sara (14P) http://t.co/LKj8jYIg #anarchy #jailbait
Sat Oct 27 17:22:39 +0000 2012,"RT @_MIKALA: ""I'm Ariel!"" ...naw, yer jailbait in a bra. #halloweenwankers"
Sat Oct 27 19:31:16 +0000 2012,Time for some Risky Business! Bring on jailbait Tom.
Tue Oct 30 05:17:54 +0000 2012,"RT @YikesMyBassline: LETS NOT ALLOW MAYA, KRYSTAL AND SHANIA IN THE HOUSE. Ol Jailbait. somebody going TO JAIL NAH."
Mon Oct 29 07:50:34 +0000 2012,"Facebook removes link to 'hardcore' porn site: An offensive page called 'Bikini Jailbait', which exploits young ... http://t.co/LwTknshf"
Mon Oct 29 09:51:30 +0000 2012,@monsieurpari wait so does this mean you and I can get freaky now that you're not jailbait anymore
Mon Oct 29 20:26:32 +0000 2012,@ASutton7 @issymont how are all the young girls beiber? #jailbait
Mon Oct 29 20:23:12 +0000 2012,she is jailbait !!!! naw shes nooo!!!!
Mon Oct 29 23:33:24 +0000 2012,"Facebook Hapus ""Bikini Jailbait"" http://t.co/gDROPvYu via @VIVAnews"
Mon Oct 29 23:33:41 +0000 2012,"Facebook Hapus ""Bikini Jailbait"" http://t.co/RtUOWbVA"
Mon Oct 29 23:36:33 +0000 2012,"Facebook Hapus ""Bikini Jailbait"" http://t.co/Unr44E0v"
Mon Oct 29 17:21:16 +0000 2012,What Men Can Do To End Cyber-Bullying And Jailbait Porn (via @Pocket) - http://t.co/RXqUySg2
Mon Oct 29 17:41:40 +0000 2012,@JakeeyMorris yeah but we were funny jailbait not like annoying smelly ones
Tue Oct 30 00:05:17 +0000 2012,"Facebook Hapus ""Bikini Jailbait"" http://t.co/7XIZPV0E"
Mon Oct 29 13:09:25 +0000 2012,"because Inci said: ""it wouldn't be kpop without jailbaits fighting about who has the oppa with the longest dick"" XD"
Thu Oct 04 15:37:21 +0000 2012,@krysss_x33 I would think u smartass jailbait I knew a chick started college at 16
Thu Oct 04 15:22:47 +0000 2012,@Carlya4 hey wanna get #crunk ? Oh wait #jailbait you can't!!! HAPPY BIRTHDAY #ILoveYou !!!!
Thu Oct 04 12:14:18 +0000 2012,@Luke_1867 haha! #jailbait
Fri Oct 05 01:08:54 +0000 2012,RT @LittoErii: #throwbackthursday #jailbait #newyears #rave http://t.co/C6SZ5WEZ
Thu Oct 04 23:07:02 +0000 2012,RT @mk_oatss: @MidgetOnStilts #jailbait http://t.co/tFv4rdao
Thu Oct 04 17:54:51 +0000 2012,RT @slyoung5: Separate the men from the boys cuz I don't want to go to jail for jailbait and that would suck cuz then there would only b ...
Thu Oct 04 14:02:57 +0000 2012,"@SummonerKazuka // jailbait is anyone under legal age of consent &lt;.&lt;;;; you'd qualify, beware Zaji!"
Tue Oct 02 22:20:51 +0000 2012,"“@JLo: Dreamy Valentino show with Mr. Valentino himself, Giancarlo and my Beau #Paris #Heaven @talentedblonde http://t.co/q2bG1a96”
Jailbait"
Wed Oct 03 01:45:15 +0000 2012,"""@Mad_Madii: Just so everyone knows, I'm 16. And I'm a junior."" #JailBait"
Tue Oct 02 20:59:21 +0000 2012,'Only in Essex can a girl be both jailbait AND a MILF' #haha #tootrue
Tue Oct 02 23:57:48 +0000 2012,"Must be a Beiber concert tonight. Downtown is being overrun by underdressed extreme jailbait. It's hot out, but not that hot."
Tue Oct 02 17:54:23 +0000 2012,90 days til I'm illegal. Hit me up while you can jailbait 🚓❤
Tue Oct 02 16:08:36 +0000 2012,bare jailbait was giving me the eye today #NotAGoodLook
Wed Oct 17 22:36:32 +0000 2012,"RT @AnsleyBreanna: ""We're MILFS, you're just jailbait"" Zoe's mom and her friends &gt;&gt;&gt; @_JosieHodge @ZoeNati"
Thu Oct 18 01:34:44 +0000 2012,RT @colindonnell: jailbait questions... “@lygill: @colindonnell how long til Tommy hooks up with baby sister Queen? ;) #Arrow”
Thu Oct 18 04:52:28 +0000 2012,@KylanMcewen @b_frandsen kinda ruins the whole point of it being jailbait for you guys eh #adultsize http://t.co/OQTb8rCr
Wed Oct 17 11:05:25 +0000 2012,RT @xx_Cee: Only in Essex can a girl be a milf AND a jailbait.
Thu Oct 18 03:43:58 +0000 2012,RT @bbednarski11: Jailbait #DontPhase
Wed Oct 17 08:46:58 +0000 2012,#Jutice #ExpectThem - Anonymous Tracked Down the Jailbait-Loving Perv Who Destroyed Amanda Todd's Life | VICE http://t.co/Lj9NcfC6 via @VICE
Wed Oct 17 21:49:23 +0000 2012,Mario is walking on thin ice #jailbait
Wed Oct 17 21:28:43 +0000 2012,@sh4naynay on a scale of 1-curleys wife how jailbait are you?
Wed Oct 17 14:17:35 +0000 2012,"Fascinating stuff happening as a result of doxxing re Amanda Todd, Jailbait founder, etc. First, read http://t.co/v1pB36ub"
Wed Oct 17 14:03:49 +0000 2012,"Anonymous Tracked Down the Jailbait-Loving Perv Who Destroyed Amanda Todd's Life

R.I.P - Amanda Todd... http://t.co/pdr3K9uv"
Wed Oct 17 16:04:44 +0000 2012,Anonymous Tracked Down the Jailbait-Loving Perv Who Destroyed Amanda Todd's Life | VICE http://t.co/R0frKbbP | GOOD
Sat Oct 20 18:50:56 +0000 2012,“@Daily_JailBait: #girlsinlove #bff #girls4girls #lesbians #young #jailbait  http://t.co/huGWWZDv” Guuuuaaaauuuu!!! Ooohhhhh!!!
Sat Oct 20 18:40:47 +0000 2012,RT @Daily_JailBait: #marion set #young #teen #jailbait http://t.co/Dyk3plUe
Sat Oct 20 20:47:57 +0000 2012,cute nn girls: http://t.co/CVJqPkSX #jailbait #jb #forum
Sat Oct 20 11:38:38 +0000 2012,@LeighCampbell5 haha they are a liability! #jailbait
Sat Oct 20 21:57:58 +0000 2012,RT @WonderSnd: RT @hankypankynyc: Tonight ! - Gonna be Huge @AnyOldIronNYC - Throws The Party With @psychobldgs LIVE  and DJ Jailbait - -...
Sat Oct 20 19:20:30 +0000 2012,Miss Taunton is Worldy! Dunno if she's old enough though! #jailbait
Mon Oct 15 15:42:00 +0000 2012,"@brigitaa_ nih Before this night through, blessed, ID, penguin, jailbait, sweet dreams. palingan itu sih yg nge hits"
Mon Oct 15 06:50:33 +0000 2012,"Interesting debate here about @reddit and dodgy content. http://t.co/IutCGbto hypocritical though, reddit suddenly deleted /r/jailbait...."
Tue Oct 16 04:23:12 +0000 2012,"@JairoDiamandis @sandmanc13 lol exactly! Too young, #jailbait"
Mon Oct 15 20:42:08 +0000 2012,"@electrobabe Jailbait (…), beschreibt umgangssprachlich eine (meist weibl.) junge Person, die älter aussieht als sie tatsächlich ist. #not"
Mon Oct 15 20:50:12 +0000 2012,RT @AnonymousPress: #Anonymous Tracked Down the Jailbait-Loving Perv Who Destroyed Amanda Todd's Life http://t.co/3Oc38tMa
Mon Oct 15 20:56:17 +0000 2012,Photo: vicemag: ANONYMOUS TRACKED DOWN THE JAILBAIT LOVING PERV WHO DESTROYED AMANDA TODD’S LIFE In... http://t.co/m8P1tJM1
Mon Oct 15 23:41:24 +0000 2012,Anonymous Tracked Down the Jailbait-Loving Perv Who Destroyed Amanda Todd's Life | VICE | @scoopit http://t.co/aeCLxJYp
Mon Oct 15 21:43:10 +0000 2012,@BabyDykesx oh yikes #jailbait
Mon Oct 15 21:25:21 +0000 2012,@ChaunceyHasting thanks bb you're the most domesticated boy I've ever laid eyes on #im12 #holla #jailbait
Fri Oct 26 18:41:01 +0000 2012,"RT @rinapinheiro: @iDnasty stop messing around with jailbait your suppose to be a ""grown ass man """
Fri Oct 26 06:43:59 +0000 2012,RT @Frankii_x: Schools just going to be full of jailbait wearing air maxes today
Fri Oct 26 17:29:37 +0000 2012,@BlackDeath031 @jcm12310 #jailbait
Sat Oct 27 00:16:19 +0000 2012,Everyone bitching about how they want to run a naked mile.. Take it from me and @josh_seldon11 they don't end well #JailBait #SexOffenders
Thu Oct 11 22:30:53 +0000 2012,like i wont be jailbait anymore
Thu Oct 11 06:36:47 +0000 2012,@GJ8A #jailbait
Fri Oct 12 04:40:59 +0000 2012,#young teen 18 porn jailbait odprecrofind1151
Thu Oct 11 09:41:50 +0000 2012,"Turns out thats ok, dont you dare invade the privacy of the mod of BeatingWomen and Jailbait though, thats too far"
Fri Oct 12 03:23:04 +0000 2012,#scenegirl #sexy #teen #young #jailbait  http://t.co/ZoJ0QREA
Fri Oct 12 03:56:52 +0000 2012,(GPGT)Jailbait or not?:s34:: Image: http://t.co/41Jp2wlT... http://t.co/KEcJr3wU
Thu Oct 11 21:02:38 +0000 2012,when i see a girl in uniform nowadays im just thinking jailbait nigga dont go there.
Fri Oct 12 00:49:20 +0000 2012,Dont understand why people calling me jailbait im 19 wtf
Fri Oct 12 00:48:18 +0000 2012,#JailBait YES GAWD!!!! #XFactor
Thu Oct 11 19:49:06 +0000 2012,@Samyeeeezy dat jailbait mexican sheik
Tue Oct 09 01:13:12 +0000 2012,Photoset: jailbait-teenager: #ladies and gentlemen # may i proudly present #the most feared being in the... http://t.co/LDWrPBs0
Tue Oct 09 01:33:02 +0000 2012,@Jake_F_Tweets jailbait*
Tue Oct 09 02:59:16 +0000 2012,America loves white trash jailbait #Kreeps
Mon Oct 08 13:31:46 +0000 2012,DA FUQ YOU ARE NOT A FRESHMAN #Jailbait
Thu Oct 18 22:22:23 +0000 2012,Lmfao #JAILBAIT!!!! RT @LMAO_TWITPICS: Dafaq did I just read...  http://t.co/iVQxF9S2
Fri Oct 19 05:33:07 +0000 2012,Wait a sec... #reddit *admits* that they sent #Violentacrez a GOLD-PLATED AWARD for creating /r/jailbait?!? #sick #wtf https://t.co/F1ER55pQ
Thu Oct 18 06:54:40 +0000 2012,"The word bitch gets annoying after awhile, I'll call you girls hoes or jailbait #1, #2.. Ect."
Thu Oct 18 20:39:22 +0000 2012,CNN Man behind Reddit 'Jailbait' posts exposed: An internet troll reviled for his pornographic posts on Reddit a... http://t.co/iQo7qoXS
Thu Oct 18 20:47:44 +0000 2012,Man behind 'Jailbait' posts exposed: An internet troll reviled for his pornographic posts on Reddit and recently... http://t.co/sHQKiwEN
Thu Oct 18 20:08:37 +0000 2012,Senior guys who go for Freshman girls.... #Freshmeat? #JailBait? #Disgusting
Fri Oct 19 03:02:10 +0000 2012,"RT @lheron: Violentacrez says Reddit staff gave him gold-plated bobblehead for traffic sparked by ""jailbait"" pics O_o http://t.co/vEZga7gz"
Fri Oct 19 03:06:04 +0000 2012,Jailbait site under scrutiny http://t.co/hejfGFuh
Fri Oct 19 03:08:58 +0000 2012,"#BreakingNews Jailbait site under scrutiny: Reddit's ""Jailbait"" site is receiving increased scrutiny for pot... http://t.co/zVhYN4li R-T"
Thu Oct 18 23:08:20 +0000 2012,"Can't WAIT. Intv @ 8 &amp; 10! MT @ac360 We now know the identity of an infamous troll responsible for Reddit's ""Jailbait."""
Fri Oct 19 02:42:37 +0000 2012,Jailbait site under scrutiny http://t.co/JAjkzK9M
Fri Oct 19 02:05:29 +0000 2012,#girlskissing #young #jailbait  http://t.co/iAciqsMy
Thu Oct 18 21:00:14 +0000 2012,"@BradyPalmer I would have, except the bus had cameras. #jailbait"
Thu Oct 18 21:47:44 +0000 2012,"“@cnnbrk: Man behind ""Jailbait"" posts exposed; says he made a ""huge mistake."" http://t.co/SyHJSEVT” Duh."
Thu Oct 18 21:14:06 +0000 2012,"http://t.co/XxuH7Qla Man behind 'Jailbait' posts exposed, loses job: An internet troll revil... http://t.co/IPyHP1v4 http://t.co/XxuH7Qla"
Thu Oct 18 21:25:19 +0000 2012,"GOOD | RT @CNN Man behind 'Jailbait' posts exposed, loses job: http://t.co/Mt6hDdv1  Exclusive interview tonight on @AC360, 8/10 p.m. ET"
Thu Oct 18 21:58:23 +0000 2012,"RT @laurendane: Boo. Hoo. RT @cnnbrk: Man behind ""Jailbait"" posts exposed; says he made a ""huge mistake."" http://t.co/BTBlbSlL"
Thu Oct 18 17:31:10 +0000 2012,@ExcstasyB96 That's some next jailbait shit right there :o
Thu Oct 18 17:33:21 +0000 2012,#antm #tmw #jailbait #pumped
Thu Oct 18 17:05:27 +0000 2012,RT @TheMarioAguilar: hehehehehehehe i pooped on them #Nice #Sloots #Jailbait #Fishin http://t.co/g0HVzDD6
Fri Oct 19 00:20:25 +0000 2012,"RT @cnnbrk: Man behind ""Jailbait"" posts exposed; says he made a ""huge mistake."" http://t.co/m3RWQo8Z"
Fri Oct 19 00:47:55 +0000 2012,"Coming up: Part 2 of our interview with Michael Brutsch aka Reddit ""Jailbait"" moderator on @AC360."
Fri Oct 19 00:36:15 +0000 2012,#bananas #fb #blog Troll behind Reddit 'Jailbait' posts exposed (CNN) http://t.co/ZzzhyJc3 #teamfollowback
Sat Oct 13 06:15:29 +0000 2012,"http://t.co/IUnzcwcL To a murderer, we're all jailbait."
Sun Oct 14 04:07:41 +0000 2012,RT @devonmollly: Happy Birthday @barbara_annee! Your finally not jailbait :-) have fun &lt;3
Sat Oct 13 20:36:04 +0000 2012,Step aside one direction theres new jailbait in town @UnionJworld #youngblood #dontgiveafuck #facebang
Sun Oct 14 03:43:37 +0000 2012,"""@ChillNye: that's some jailbait I'd definitely take."" Lol"
Sat Oct 13 10:43:31 +0000 2012,@mattbrown79 @davidbrown23 @jaycarr1984 or JLB8 (jailbait)
Sat Oct 13 17:06:46 +0000 2012,I hate the word jailbait
Sat Oct 13 13:54:10 +0000 2012,"@analoguesun @niteshok @adrianchen I disagree that this is doxxing, if he didn't want people to know who he was, rapebait and jailbait = no"
Sun Oct 07 22:26:29 +0000 2012,Dem gyal yah name jailbait :(
Sun Oct 07 22:55:18 +0000 2012,I wonder how those kids did on their PSAT #FOL #JailBait #ThatGuyWhoAlostGotUsArrested #HeAPetifile
Mon Oct 08 05:08:23 +0000 2012,Hitting on me through Facebook will get you nowhere.. and the fact that you are 15 and I'm 19 doesn't help either.. #jailbait #gtfo
Sun Oct 07 18:24:54 +0000 2012,"what , there's a website called jailbait gallerys full of pictures of under 16s!"
Sun Oct 07 18:04:16 +0000 2012,Cineworld are jailbait
Mon Oct 08 04:37:37 +0000 2012,HAPPY BIRTHDAY JAILBAIT BOOTHANG SWEETLIPS @DreadedUp_
Sun Oct 07 07:39:06 +0000 2012,cute nn girls: http://t.co/5TzBIpT8 #anarchy #jailbait
Sun Oct 07 08:48:42 +0000 2012,"Is Taylor Swift legal? 
She looks like jailbait."
Sun Oct 07 23:32:45 +0000 2012,RT @RichardGurry: There's a second year I would blast #oneandonly #jailbait
Mon Oct 08 02:18:10 +0000 2012,"I went to school with your ass, your 17 .. Stop tryna fuck grown ass mans, #JailBait"
Mon Oct 08 02:41:49 +0000 2012,"RT @CodyEisenhour: ""@scottedwards122: @CodyEisenhour @whatsLaPointe can never have too much of Jailbait!"" Scott likes jailbait twitter..."
Sun Oct 07 21:49:46 +0000 2012,;-) http://t.co/P5unvnZa #jailbait #jb #forum
Sun Oct 07 17:47:14 +0000 2012,@FunSizedSesto #jailbait
Sun Oct 07 16:35:28 +0000 2012,Sexy Athlete (JB) http://t.co/AlzYlxFV #jailbait #jb #forum
Wed Oct 10 15:14:41 +0000 2012,That annoying moment when you meet a really cute girl and a few days later you find out she's 16! #JailBait
Wed Oct 10 22:17:06 +0000 2012,@Lilrambo69 @heylee25 Lol I had to go find that conversation on facebook I vaguely remember her but I do remembering calling her jailbait
Thu Oct 11 05:48:19 +0000 2012,RT @a_girl_irl: everyone who's up please be advised that Reddit is FURIOUS that the creator of r/jailbait and r/rapingwomen is gonna be  ...
Thu Oct 11 01:19:24 +0000 2012,@matt_mcclure11 yeah stay away from the jailbait lmao
Wed Oct 10 20:50:42 +0000 2012,cute nn girls: http://t.co/jPACcdKV #jailbait #jb #forum
Wed Oct 10 20:14:06 +0000 2012,HAPPY BIRTHDAY @sabrinamadelyn !!!!!! You are one step closer to no longer being jailbait. I love you!!
Wed Oct 10 23:35:42 +0000 2012,"""oh so you won't be jailbait anymore? That's cool!"" my life is awkward #thingsmycoworkerssay"
Wed Oct 10 23:25:39 +0000 2012,"RT @Reddit_txt: All the best subreddits have been removed. jailbait, teen_girls, jailbaitgw, creepshots. Rest in peace, Reddit."
Thu Oct 11 00:11:25 +0000 2012,"""The campaign to take down the horrifyingly distasteful but technically legal jailbait subreddit"""
