created_at,text
Wed Jul 31 18:34:18 +0000 2013,If u younger than 17 .. i dont even want to be ya friend #JailBait
Wed Jul 31 18:57:41 +0000 2013,@Bellbhaj @Wobbufffett im not jailbait
Thu Aug 01 04:04:16 +0000 2013,@BearsEtc jailbait!sid ?
Thu Aug 01 04:19:52 +0000 2013,"Woahhh, jailbait these days"
Wed Jul 31 07:04:33 +0000 2013,RT @HeyKeifer: @AbbiMarsh yeah I love you too. My favorite jailbait.
Wed Jul 31 11:53:22 +0000 2013,RT @JocelynnnR: Why do these jailbait ass bitches look so grown tho? How? Why?
Wed Jul 31 11:22:10 +0000 2013,RT @dirtyteens: #AssWednesday #JailBait @Septawangsa @DRTYFUKNBASTARD @Wingsoflovefan @teencum @Sexy_selfshot http://t.co/9fnflssrFu
Wed Jul 31 21:45:57 +0000 2013,FIGHT ME YOU JAILBAIT CUNT - YOUR GFS 13 (@YouTube http://t.co/Z7NHYjmyDd)
Thu Aug 01 00:03:53 +0000 2013,@Pope_Donaghy When people wear they 110's it just screams out 'I'm gonny stab fuck oot ye' jailbait trainers
Wed Jul 31 16:42:37 +0000 2013,Suggestive jailbait condom http://t.co/elwTHILgYi
Tue Jul 09 15:34:04 +0000 2013,@Katp04 it's the other way around for me. I got a jailbait ass
Tue Jul 09 12:52:31 +0000 2013,RT @FriesenJaida947: http://t.co/umljkHnE7J Jailbait Dress #jailbait
Tue Jul 09 12:58:35 +0000 2013,RT @FriesenJaida947: http://t.co/umljkHnE7J Jailbait Dress #jailbait
Wed Jul 10 04:17:42 +0000 2013,"@FlyingCorvette @ButSkywarpIsMe Accidents happen, Mr. Lesillage. They could happen to anyone. Even your little slice of jailbait ~chorizo~"
Tue Jul 09 20:26:02 +0000 2013,"RT @iStay1up: You lil fast hoes are jailbait looking 18 but be 14, 15 to my fellow niggas don't fall for it"
Tue Jul 09 11:50:18 +0000 2013,RT @Jaden_Zieme__V5: #jailbait Jailbait http://t.co/daU3IP7hQ3
Tue Jul 09 11:55:21 +0000 2013,RT @Jaden_Zieme__V5: #jailbait Jailbait http://t.co/daU3IP7hQ3
Wed Jul 10 02:36:08 +0000 2013,@Stefff_ #JailBait
Tue Jul 09 21:19:06 +0000 2013,RT @PartiesGuilty: 4 hotties flash on a boat #handbra #jailbait #teen #selfie #mirrormonday #titsouttuesday #sexy #Tittytuesday http://t.co…
Tue Jul 09 17:18:14 +0000 2013,RT @TrantowOrrin_Ph: jailbait jungle | Flickr - Photo Sharing! #jailbait http://t.co/CGNKFuRkru
Tue Jul 09 19:45:57 +0000 2013,✿ Webcam Hot Girl Videos http://t.co/prcVh4PyEA | #Webcam #Jailbait
Tue Jul 16 15:06:16 +0000 2013,F*ckin Jailbaits &gt;___&lt;  #WeAreBulletProof http://t.co/7g0G1wT8oM via @youtube
Tue Jul 16 18:36:46 +0000 2013,“@uknightowl1701: She'd make a bad man outta me! http://t.co/AKCySmkFEQ” hmm that's why it's called jailbait
Tue Jul 16 06:46:52 +0000 2013,jailbait really needs to stop
Wed Jul 17 01:38:46 +0000 2013,So basically my theory is that even though I am 20 years old I still attract pedophiles well not pedophiles but men who like jailbait idk
Wed Jul 17 04:08:19 +0000 2013,RT @WagglesUknow: @emily_m_buck Happy birthday!!! ❤️ Our relationship is officially illegal. #JailBait
Tue Jul 16 23:37:35 +0000 2013,"""Olivia_Brooke1 IS THIS REAL LIFE?! http://t.co/FkqgsUHTwF"" // does this mean what i think it means? #jailbait"
Wed Jul 17 02:24:00 +0000 2013,RT @urbandictionary: @JadeBrydonx jailbait: An attractive underaged girl who you'd like to bang. But if you get caught bang... http://t.co/…
Wed Jul 17 00:57:31 +0000 2013,@DaftLimmy troops oan the way tae cause fuckin mayhem in ibiza .. 39 TEAM SCUM #jailbait
Tue Jul 16 19:12:51 +0000 2013,RT @Tomsalton: “@JemSalih: Love box is the jailbait festival... Rather not”your still a jailbait kid!
Tue Jul 16 16:46:40 +0000 2013,Photo: GO AWAY JAILBAIT. http://t.co/ieHi13xL97
Tue Jul 23 06:30:06 +0000 2013,“@TSledge_: When I turned 18 I had to unfollow alot of younger girls #jailbait lol” 😂😂😂😂😂😂😂😂
Wed Jul 24 04:02:51 +0000 2013,Jailbait be tryna catch a nigga up on the TL lol
Tue Jul 23 20:40:15 +0000 2013,There is so much jailbait ass round here. WATCH OUT!
Tue Jul 23 23:18:29 +0000 2013,#jailbait #easylay
Tue Jul 23 23:21:35 +0000 2013,@nylonfan79 yeah defo jailbait lol
Wed Jul 24 02:49:25 +0000 2013,"My cousins friend is so fiiiiiiiiiiine, but she's serious jailbait 😑😑"
Wed Jul 24 02:33:03 +0000 2013,I DONT WANNA BE JAILBAIT
Tue Jul 23 21:21:05 +0000 2013,the royal baby is going to be a major stunna when he's older #jailbait
Tue Jul 23 19:21:37 +0000 2013,Another group of cutie's :RT Jailbait threesome http://t.co/0cpOyTyAtn via @Warder33
Sat Jul 13 05:29:15 +0000 2013,RT @YoungRamenGod: HOW MANY JAILBAITS WILL IT TAKE TO GET ME ON THAT SHOW ON MSNBCCCCCCCCCCCCCCCCCC
Sat Jul 13 05:05:04 +0000 2013,"""@TrillFinesse23: I dont think i know not one person in the c/o 2020."" You better not lol #jailbait"
Fri Jul 12 12:25:19 +0000 2013,"http://t.co/4RoUGvt3MR To a murderer, we're all jailbait."
Sat Jul 13 04:53:16 +0000 2013,Lol #jailbait RT @x_TheQueenB My lips are too pink 😕
Fri Jul 12 08:08:55 +0000 2013,@_Ken_barlow_  oh barlow u havnt  posted in a few days hope u havnt been arrested again. #jailbait
Fri Jul 12 21:44:07 +0000 2013,Zeina Heart Jailbait 6 720P http://t.co/YTlVabLPxD
Fri Jul 12 17:18:49 +0000 2013,RT @DaRealAmberRose: Slimane jailbait 💋 http://t.co/BM5WXME0dW
Thu Jul 25 06:45:41 +0000 2013,"RT @hellabarz: @CourtneyLeaff Im jon the jailbait, love you #fam #thefamily http://t.co/EfX8XUiyN4"
Thu Jul 25 12:22:22 +0000 2013,RT @JamesAGordon: SEEInNG SO MUCH JAILBAIT ON FACEBOOK WITH TONS OF LIKES FOR SHOWING A  BIT OF SKIN WHATS wrONG WITH the WORLD
Fri Jul 26 04:20:49 +0000 2013,RT @somewhatalady: I'm going to need these high school boys to stop being attractive. I feel so dirty. #JailBait
Fri Jul 26 04:03:07 +0000 2013,RT @_ColorMyHeart: Whoever call me jailbait needa chill. I hate being called jailbait.
Fri Jul 26 04:55:00 +0000 2013,RT @DudeAndTheCity: @kayleigh_lucy @halielain @Allie_grosss so much jailbait #TheFamily
Thu Jul 25 07:53:17 +0000 2013,Jailbait (Original Mix) - Avicii http://t.co/4yBnVVxT9C #nowplaying #listenlive
Thu Jul 25 07:00:23 +0000 2013,Falling asleep to this cutie's voice. 😍😘 #jailbait #comfy #dontshutup #sleepy
Thu Jul 25 09:30:35 +0000 2013,"RT @KingDigalang: Hell yea , young ass 🙈 #JailBait"
Thu Jul 25 20:00:59 +0000 2013,16 year old me - Halloween 2000. #ThrowBackThursday #me #genie @dankoni's #jailbait hahaha http://t.co/ymbwxJGk90
Thu Jul 25 08:35:00 +0000 2013,#JailBait #JailBait #JailBait #jailbait
Fri Jul 26 02:18:31 +0000 2013,@kchristine they aren’t looking for jailbait. (I thought the same thing about the nightgown!)
Thu Jul 25 13:31:47 +0000 2013,"“@Wingsoflovefan: ""@xhotteensx: @Wingsoflovefan @dirtyteens better pics here"" haha good work :-)”
#JailBait #TeamDirty"
Sat Jul 06 18:27:46 +0000 2013,"RT @dvdinfatuation: Line from this film: ""Of course it's a dream! And stuffed full of jailbait!"" - http://t.co/Nc8FXDjZuF"
Sat Jul 06 06:30:14 +0000 2013,“@JayesYourDrug: Had everybody thinking I was jailbait Lol” 😂😂😭😆
Sun Jul 07 03:49:55 +0000 2013,Chief Keef the jailbait king  http://t.co/q0K0lWlXMV
Sat Jul 06 21:32:46 +0000 2013,@at_stuttering Jailbait alert.
Sat Jul 06 19:26:55 +0000 2013,@ZachJensen22 #Jailbait #Heaven
Wed Jul 24 20:54:11 +0000 2013,That's some jailbait shit!
Wed Jul 24 11:27:00 +0000 2013,"@jailbaiting Hehe, and good night to you~ Now go sleepies!!"
Thu Jul 25 03:16:54 +0000 2013,"RT @iAMBIGPOPPA0914: “@AllBri_: These extra grown ass niggas be trying to get at me, I'm #jailbait 😂”😂😂😂😂😂😂😂😂😂"
Thu Jul 25 03:06:14 +0000 2013,@enchantingbells rawr get outta here jailbait I'ma go be drunk somewhere else
Wed Jul 24 23:07:08 +0000 2013,"RT @Mahbubur: ""@hmmbutwho: #10factsaboutme when a dude hits on me I tell him I'm underage and basically run as fast as I can""

#jailbait"
Thu Jul 25 02:57:49 +0000 2013,@___itsjaneeboo Anybody Under 18 Is Jailbait
Wed Jul 24 17:22:05 +0000 2013,RT @imimoral: Another group of cutie's :RT Jailbait threesome http://t.co/0cpOyTyAtn via @Warder33
Wed Jul 24 14:08:22 +0000 2013,reaaaal jailbait
Wed Jul 24 13:32:50 +0000 2013,"come on baby jailbait, baby Ddochi is not trying to wack ou or mess you up larh please!"
Sun Jul 28 22:58:43 +0000 2013,JAILBAIT PATRICK IS THE BEST PATRICK DONT ARGUE WITH ME
Sun Jul 28 18:16:04 +0000 2013,RT @jaddeyladdey: shes #JailBait dude!
Sun Jul 28 16:21:33 +0000 2013,I wasn't born to entertain jailbait
Fri Jul 19 06:10:17 +0000 2013,@MeloAlZ96 what's jailbait
Fri Jul 19 12:20:12 +0000 2013,Jailbait (Original Mix) - Avicii http://t.co/4yBnVVxT9C #nowplaying #listenlive
Fri Jul 19 07:29:16 +0000 2013,Half my followers are jailbait
Fri Jul 19 07:55:53 +0000 2013,Photo: darkeingel: source: http://t.co/cbdbDfsFzL more jailbaits http://t.co/Kom0LgXoei http://t.co/WXWFJQapuj
Fri Jul 19 07:55:56 +0000 2013,I was invited to the OC fair by a 13 year old boy.... #jailbait #nogracias http://t.co/4vdbICzgab
Fri Jul 19 20:14:34 +0000 2013,"What a gormless Friday night, mine has resulted crashing a jailbait party for an hour. Yes."
Fri Jul 19 08:15:18 +0000 2013,SXR-RadioBot is playing Avicii - Jailbait (John Course &amp; Mr. Timothy Remix) [Listeners: 0/25] [Song Rating: 0 with 0 vote(s)] [http://sum...
Fri Jul 19 23:23:21 +0000 2013,✿ NEW AMATEUR WEBCAM VIDS UPDATED(or) http://t.co/N1bsofvp7o | #Webcam #Jailbait
Fri Jul 19 21:05:47 +0000 2013,These 20-21 year old men crack me up hitting on 16-17 year old girls over the Internet. Get outttta here. #jailbait
Fri Jul 19 17:26:57 +0000 2013,RT @RemyMartinz: THE FICKING JAILBAIT IN TOTTY YEHSVEJEJEKJ
Tue Jul 23 04:48:05 +0000 2013,RT @MoSoWhite: Happy 18th birthday to my best friend @emurph2 love you  E #jailbait 😜😘👯🎉
Mon Jul 22 21:09:55 +0000 2013,"jailbait — Ahh, I hear this a lot. http://t.co/6XUJaffYLi"
Mon Jul 22 17:47:55 +0000 2013,"Checking out birds on holiday can be a serious ordeal, so many are on the border of legality... #BlurredLines #JailBait"
Mon Jul 22 14:39:00 +0000 2013,#jailbait #hottie #cum #braces RT @Warder33: I like this angle. Looks like she's ready for me to drop a load http://t.co/QbJ8qJ96ws
Tue Jul 30 07:33:30 +0000 2013,RT @The_Peachinator: #JailBait
Tue Jul 30 20:05:33 +0000 2013,"Jailbait queen, had her first baby barely eighteen"
Tue Jul 30 10:15:27 +0000 2013,And what the fuck is jailbait — Jailbait is slang for a minor who is younger than the legal age of consent for s... http://t.co/TYGs1qN7cY
Tue Jul 30 21:23:07 +0000 2013,@Duygs1 jailbaits
Tue Jul 30 19:20:43 +0000 2013,"@DietPotter NEW COMEDY CHARACTER Ryan Lloyd, a debonair vampire on the prowl for some sweet sweet jailbait pussy"
Tue Jul 30 19:35:42 +0000 2013,goes back to the safety of...jailbait. cry.
Mon Jul 01 18:35:17 +0000 2013,Petite little teen in the bathroom #handbra #jailbait #teen #selfie #mirrormonday #titsouttuesday #RateMyKnockers http://t.co/RS4TAGfXdY
Tue Jul 02 04:37:52 +0000 2013,"""@PartiesGuilty: Young jailbait whore #handbra #jailbait #teen #selfie #mirrormonday  #sexy #Tittytuesday http://t.co/mKTB9Mcahn""oh yes"
Tue Jul 02 04:18:55 +0000 2013,RT @aleciawnplumley: More at my site #selfie #handbra #jailbait #teen http://t.co/95GwxGLQIk - Watch More at:  http://t.co/mDc5MSxUQZ
Mon Jul 01 20:09:11 +0000 2013,RT @PartiesGuilty: Young brunette hottie #handbra #jailbait #teen #selfie #mirrormonday #titsouttuesday #sexy #RateMyKnockers http://t.co/T…
Mon Jul 01 20:41:32 +0000 2013,@imtexastrill jailbait son
Tue Jul 02 03:42:48 +0000 2013,ai jsuis o que é esse chinezinho de moicano JAILBAIT apenas isso
Mon Jul 01 21:18:21 +0000 2013,Tuna needs jailbait
Mon Jul 01 21:22:21 +0000 2013,"“@iiridelongboard: i can't believe next year i'm turning 17. omg”

Jailbait ass nigga"
Wed Jul 03 22:24:18 +0000 2013,"Getting called ""jailbait"" by a 28 year old ;) haha 👍😉👌"
Wed Jul 03 22:33:28 +0000 2013,@Polanchrist #jailbait
Wed Jul 03 06:45:04 +0000 2013,@olinger_renee AYYE TWITTER WE HAVE SOME HOT JAILBAIT ASS NEVER TOUCHED IF YOU WANT SOME OF DAT JUST SO YALL KNOW
Wed Jul 03 20:48:09 +0000 2013,RT @J4CKMULL: I want to DM people but I'm scared in case they're jailbait
Wed Jul 03 13:50:27 +0000 2013,"Okay. ..that girl my ex cheated on me with was really pretty, even if she's still underage. Lol. #jailbait"
Sun Jul 14 15:09:05 +0000 2013,So much jailbait about not fair
Sun Jul 14 06:34:52 +0000 2013,@Ai_Sara93 no jin is like an ullzzang jimin's the cuter one plus jimin is so sexy like urghh~ jailbait ☹ no I think cuz it's very annoying
Mon Jul 15 04:59:00 +0000 2013,Johnny's is full of senpais and jailbaits lol
Mon Jul 15 04:59:06 +0000 2013,@jailbaiting ;n; throws up
Sun Jul 14 09:36:22 +0000 2013,RT @TweetLock_Katie: #teen #amateur #petite #jailbait http://t.co/QSHZm860h8
Sun Jul 14 20:20:51 +0000 2013,Made out with a 21 year old last night 😍 I'm 16. #JailBait
Mon Jul 15 00:18:41 +0000 2013,JAILBAIT WIG 通販 http://t.co/MFLbzfJJlz | ハロウィンウィッグ・カツラ | その他コスチューム・仮装衣装グッズ | パーティーグッズ | パーティワールド | ユニサプライズのオンラインショップ
Sat Jul 06 03:59:40 +0000 2013,RT @PartiesGuilty: Naked hottie. #handbra #jailbait #teen #selfie #mirrormonday #titsouttuesday #sexy #Tittytuesday http://t.co/XnLOcBNCyL
Fri Jul 05 16:24:03 +0000 2013,😂😂😂 “@__Vonteezy: Last years sophomore and junior class had some bad females in it😮 they jailbait tho lol”
Mon Jul 22 05:04:30 +0000 2013,Bs.... I've wanted you since you were jailbait ... No... — Keyword: wanted. Pay my bride price and I am all yours 😘 http://t.co/CUal6SBQzW
Sun Jul 21 08:11:03 +0000 2013,“@marissaagarcia: “@ChillingChase: Everytime I see Marissa.. I automatically think #jailbait” wow... k coool”lol just wait till she 18 tho!😏
Sun Jul 21 14:14:35 +0000 2013,Just got hit on by some 12 year olds.. Like their voices haven't even dropped yet... #JailBait #NotMyThang @Alaina318
Sat Jul 27 22:44:29 +0000 2013,"Jailbait, Little Dhampir, Comrade, Roza... &lt;3 &lt;3 &lt;3 &lt;3"
Sat Jul 27 22:22:21 +0000 2013,RT @PartiesGuilty: Cute teen with nice tits #handbra #jailbait #teen #selfie #mirrormonday #titsouttuesday #sexy #Tittytuesday http://t.co/…
Sat Jul 27 18:47:02 +0000 2013,@Kelseajadexo omg same lol yea jailbait baby loving all the jailbaits down there xxxxxxxxxxxxxxx
Sat Jul 27 18:51:44 +0000 2013,@Tonya_Universe OH MY JESUS. youre actually jailbait.
Sat Jul 27 20:59:56 +0000 2013,RT @MidwestCoeds: #jailbait flash http://t.co/pm3WDnUC3Z
Sat Jul 27 20:24:58 +0000 2013,"RT @Warder33: Hey haters, here's some more jailbait! http://t.co/DtCuMeZTnO"
Sat Jul 27 20:09:53 +0000 2013,"""Now Im not jailbait, Im real bait. Come fuck it!"" hahahahaha"
Sun Jul 28 03:26:16 +0000 2013,20 years old next week but no shame in admitting that the Welly Rec was quality tonight #potential #jailbait
Sat Jul 27 10:57:13 +0000 2013,RT @dirtyteens: #SexySaturday #Teen #JailBait @Septawangsa @fineassbitches @Sexy_selfshot @DRTYFUKNBASTARD @Wingsoflovefan @teencum http://…
Sat Jul 27 08:20:04 +0000 2013,No longer jailbait but I still love the jailbait
Sat Jul 27 21:55:37 +0000 2013,Another one takes the jailbait
Sat Jul 27 17:54:38 +0000 2013,@JadeEmilyAlix I'm jailbait for chicks I'm only 14
Sat Jul 27 17:28:56 +0000 2013,RT @dirtyteens: #SexySaturday #JailBait @Septawangsa @fineassbitches @Sexy_selfshot @DRTYFUKNBASTARD @Wingsoflovefan @teencum http://t.co/T…
Sat Jul 27 19:06:03 +0000 2013,"RT @smallboobsfan: ""@youngteentits: #jailbait flash http://t.co/LEL2eAITb9""”"""
Tue Jul 30 05:15:17 +0000 2013,@FuckKendrick @_Javaho @Saraaaahreid @Bitzzyy tyus dgaf. He love jailbait
Mon Jul 29 08:32:04 +0000 2013,#teen #whores #selfie #jailbait #loveit http://t.co/THnMWxwocu
Mon Jul 29 14:37:26 +0000 2013,RT @atldlbrotha: Sorry i dnt follow anyone under 18 with an avi of them naked #JailBait
Tue Jul 30 00:09:34 +0000 2013,"“@CallMe_QTip: FOR ALL Y'ALL JAILBAIT BAE'S I GOTTA TYPICAL LIGHT SKIN NIGGA TRYNA HOOK UP WITH YA 😉 http://t.co/KLdHGfZGOZ”

You a hoe😂😂😂😂😂"
Fri Jul 05 01:24:25 +0000 2013,"jenny be like ""AY YO SHOTA SHAWTY brING daT jailbait fine Azz Ova Here and bRING me Som Kool AID FRUIT PUNCH PLEASE SHAWTY DAM U  A TEN"""
Thu Jul 04 20:48:18 +0000 2013,I won't say anything else #jailbait
Thu Jul 04 20:58:42 +0000 2013,@daim247 no longer #jailbait
Wed Jul 03 05:03:29 +0000 2013,@wantstothrill @formerlydf it's never gonna be weirder than Nick's canon crush on jailbait Harry I mean
Wed Jul 03 04:43:05 +0000 2013,"Ronnie wanna get her number.. But 15 will get him 20..no sir!
#JailBait"
Tue Jul 02 20:20:23 +0000 2013,RT @DJRedOctober: Kdot always gotta excel beyond jailbait expectations ....
Tue Jul 02 20:47:51 +0000 2013,RT @dirtyteens: #cuteteens #jailbait @fineassbitches @Sexy_selfshot @CuteTeensDaily @clubsexxx @Wingsoflovefan @teencum http://t.co/sPCWiad…
Tue Jul 02 10:00:00 +0000 2013,RT @HTurner_: Seeing more and more jailbaits talking about deep house lool
Tue Jul 02 23:34:40 +0000 2013,RT @dirtyteens: #cute #jailbait @fineassbitches @Sexy_selfshot @CuteTeensDaily @clubsexxx @Wingsoflovefan @teencum http://t.co/dSdETcIrRZ
Tue Jul 02 21:33:07 +0000 2013,It's always cool when tour mom calls your girlfriend whom you have been dating for almost a year jailbait fucking fantastic
Tue Jul 02 21:58:51 +0000 2013,#oomf likes jailbait
Tue Jul 02 17:02:03 +0000 2013,RT @PartiesGuilty: Gorgeous little brunette #handbra #jailbait #teen #selfie #mirrormonday #titsouttuesday #sexy #Tittytuesday http://t.co/…
Tue Jul 02 17:10:34 +0000 2013,Your ask has my cock so hard! Too bad your jailbait damn — jailbait what omg http://t.co/M209CTMlXG
Tue Jul 02 14:24:56 +0000 2013,You're jailbait the nasty things I would do to you are unexplainable — Uhm okay then.. http://t.co/8iazZ3eN0H
Tue Jul 02 14:39:30 +0000 2013,@PeaceN_Harmony she looks 15. Jailbait looks automatically disqualifies her.
Thu Jul 18 05:13:22 +0000 2013,"Underage people should get a red X next to their name, the opposite of verified. Verified jailbait."
Thu Jul 18 05:13:57 +0000 2013,"RT @Cockydudeprobs: Underage people should get a red X next to their name, the opposite of verified. Verified jailbait."
Wed Jul 17 12:11:03 +0000 2013,#Petite #Young #Jailbait posing #Sexy at the #Beach in some #Tight #Swimsuit http://t.co/ZlGhJVDMcN #sexy #porn #blog
Wed Jul 17 09:10:29 +0000 2013,RT @Ben_Paddy: Don't see how 18+ boys can happily link girls who are 15 - fam you're fingering a sentence #JailBait
Thu Jul 18 03:43:50 +0000 2013,"“@Guys_Codes: #OtherEspyAwards 

""Shot of the year""-Aaron Hernandez” #JailBait"
Thu Jul 18 03:31:27 +0000 2013,Holy jailbait
Thu Jul 18 03:45:14 +0000 2013,i have 30 more picutres of jailbait!patrick just from tonight thank u
Thu Jul 18 02:54:38 +0000 2013,"Daddy, what's jailbait?"
Thu Jul 18 02:58:15 +0000 2013,jailbait patrick http://t.co/ayP58LViey
Wed Jul 17 21:53:54 +0000 2013,Fuck being jailbait lmao :(
Sun Jul 21 01:32:28 +0000 2013,Too many kids here #jailbait
Sun Jul 21 03:27:31 +0000 2013,is maddie jailbait? — lol obv nigga she jail 4 life http://t.co/3t8Tr89hWK
Sun Jul 21 03:52:12 +0000 2013,"Finally done. We'll see what a Large Grecian (no Jailbait, NOT you) has to say about it on Tuesday."
Sat Jul 20 08:05:50 +0000 2013,@BethanyShipway1 when your drunk you usually do #jailbait
Sat Jul 20 17:45:22 +0000 2013,Boyfriend 😘 071913 lmao. #Jailbait [pic] — https://t.co/rH33WJkmjr
Sat Jul 20 17:05:01 +0000 2013,@rjc41592 @sadie_santiago #jailbait
Sat Jul 20 13:06:04 +0000 2013,RT @PartiesGuilty: Cute young teen teasing #handbra #jailbait #teen #selfie #mirrormonday #titsouttuesday #sexy #Tittytuesday http://t.co/1…
Sat Jul 20 16:34:05 +0000 2013,RT @puahate_txt: Is it illegal to approach jailbait? Is it illegal to walk up to underage teenage girls and start talking to them as a guy …
Tue Jul 16 04:57:42 +0000 2013,He Found Out #JailBait
Mon Jul 15 20:35:02 +0000 2013,The amount of #TwerkTeam videos on @vineapp amazes me! But what's more amazing are their ages 😳 #JailBait #MTV16AndPregnant 😂👎
Mon Jul 15 08:23:02 +0000 2013,"PYT! pretty young thang, real young thang #jailbait"
Mon Jul 15 23:12:55 +0000 2013,Fam these jailbait bitches really tryna catch us niggas slippin in 2013
Tue Jul 16 02:33:52 +0000 2013,@YonishkaV it really isn't bad. I swear I'll falsify a birth certificate to be with him just in case he thinks I'm jailbait.
Tue Jul 16 00:34:54 +0000 2013,@Mike_Salame still jailbait
Fri Jul 26 06:49:25 +0000 2013,I'm not tryna be his jailbait
Fri Jul 26 07:47:23 +0000 2013,"@kristennyawneyy @Jailbait8 that is true, last time anyone saw you.. You are Italian... She's knows what's up... Jailbait, shake your head"
Fri Jul 26 23:18:03 +0000 2013,@AjPerez29 i hate the dolphins but i hate the patriots more you guys better compete with their jailbait asses
Sat Jul 27 02:50:52 +0000 2013,@GGabby12 @Stiefel74 haha why is she jailbait? @Hristijan09 already threatened Lil x
Fri Jul 26 21:13:35 +0000 2013,RT @PartiesGuilty: Cute blonde teen #handbra #jailbait #teen #selfie #mirrormonday #titsouttuesday #sexy #Tittytuesday http://t.co/R9JvmAUu…
Fri Jul 26 17:59:33 +0000 2013,Where are all the women's songs about boys as jailbait?
Fri Jul 26 17:45:15 +0000 2013,@dirtyteens @Wingsoflovefan @teencum #twitterslut #jailbait Hot little slut has only 351 followers! http://t.co/HIplQzDPqZ
Fri Jul 26 13:55:12 +0000 2013,"RT @nerdstoner420: ""@stoseyboy: @dirtyteens @Wingsoflovefan @teencum #facebookslut #jailbait Left or right? Or both? http://t.co/69EtGTL2Lk…"
Fri Jul 26 16:24:39 +0000 2013,RT @_beautemortelle: Why can't people just look their age? #JailBait
Fri Jul 26 16:07:03 +0000 2013,RT @PerezHilton: @psy_oppa http://t.co/B0cXRqwfTa &amp; Psy Pose For Pics With Jailbait After Devouring Hollywood Sushi! See It HERE! http://t.…
Thu Jul 11 22:33:11 +0000 2013,@monpetitbee omg I love how we both posted that jailbait at the same time I like where our minds are
Thu Jul 11 12:11:36 +0000 2013,RT @JailBeet: A hole bunch of #jailbait  http://t.co/346RnEDK1D http://t.co/2Rqu29pFWm http://t.co/73OYSHiAc2 http://t.co/94GmfB4kNm
Fri Jul 12 04:00:12 +0000 2013,So it's my birthday and I'm finally 18 🎊🎉🎁😁 &amp; no longer jailbait  😌 http://t.co/wlwnclL7iN
Thu Jul 11 08:09:31 +0000 2013,"@NoxIsAnAsshole hahaha, how old did you think I was? jeez. I'm not jailbait. that word makes me cringe. #spiderbabieseverywhere"
Thu Jul 11 21:50:35 +0000 2013,liked the police on facebook #yolo #criminal #JailBait
Fri Jul 12 00:44:47 +0000 2013,Video: The Last of Us: Jailbait - Part 16 (by Freako) Ellie and Joel finally sleep together! Commentators:... http://t.co/UGUMNPiImA
Fri Jul 12 00:35:56 +0000 2013,✿ Webcam Girls http://t.co/wCzRZGyXwd | #Webcam #Jailbait
Fri Jul 12 00:54:24 +0000 2013,@SoyMuy_Guapo My point: she dont like children. She allergic to thirst and jailbait therefore you would kill her.
Tue Jul 09 05:23:00 +0000 2013,Jailbait lol
Tue Jul 09 01:26:38 +0000 2013,@Joe__D69 stay outa jail #jailbait #dontdropthesoap
Tue Jul 09 04:02:21 +0000 2013,Being 17 3/4 is so shitty because I'm constantly reminded that I missed out on my chance to be jailbait but there's still a sliver of hope
Tue Jul 09 03:10:19 +0000 2013,RT @trapordiehard: @Monstrosity1219 yeah dude bunch of jailbait ravers walking around the edm scene
Mon Jul 08 10:08:29 +0000 2013,RT @PartiesGuilty: Teen tits in the mirror #handbra #jailbait #teen #selfie #mirrormonday #titsouttuesday #sexy #Tittytuesday http://t.co/o…
Mon Jul 08 17:48:17 +0000 2013,So much jailbait floating arround downtown today for the One Direction show...
Mon Jul 08 19:58:33 +0000 2013,@zoemastopher hahaha aghhhh that's what you get when you jailbait nigga!! I had SOOOOO many people to get me to convert agh man
Thu Jul 18 07:02:05 +0000 2013,Photo: darkeingel: source: http://t.co/cbdbDfsFzL more jailbaits http://t.co/Kom0LgXoei http://t.co/rCJmhj3P8l
Thu Jul 18 11:01:16 +0000 2013,Love box = Jailbait
Thu Jul 18 10:41:25 +0000 2013,YUNG JAILBAIT #4EVR
Thu Jul 18 16:53:21 +0000 2013,When you catch college guys staring are your chest&lt;&lt;&lt;&lt; #jailbait
Sat Jul 13 06:54:10 +0000 2013,&lt;----- jailbait.
Sun Jul 14 01:47:38 +0000 2013,"@FlirtyMdSass My brothers friends still call me jailbait even though I'm 22. Not because they'd end up in jail, but because my brother would"
Sun Jul 14 01:25:00 +0000 2013,Random man decided to tell me I look like Jailbait...glad he didn't know I'm 20...
Sat Jul 13 07:23:03 +0000 2013,Ur not a milf but ur a jailbait — A what? http://t.co/StFf3gF69Y
Sat Jul 13 09:30:58 +0000 2013,RT @XvideosFeed: Hot nerdy red head #handbra #jailbait #teen #selfie #mirrormonday #titsouttuesday #sexy #Tittytuesday http://t.co/dKCFj1pF…
Sat Jul 13 09:07:28 +0000 2013,✋I'm still underage. Jailbait nigga!
Sat Jul 13 23:30:04 +0000 2013,How old are you? RT @ShitneyW0rd_: Just got called jailbait 😒😒
Sun Jul 14 02:35:53 +0000 2013,@jailbaiting SOME GAP TOOTH BITCH
Sun Jul 14 00:12:53 +0000 2013,@okuributa ...yay jailbait? XD
Sat Jul 13 19:01:37 +0000 2013,“@IG4hunnit: im STILL jailbait 😔😔😔😔😔” smh
Sat Jul 13 13:24:50 +0000 2013,Miraculous amount of jailbait at shields beach
Sun Jul 07 06:58:40 +0000 2013,RT @DeanOkay: Middle America: Where you can be a Milf and jailbait at the same time.
Mon Jul 08 01:02:01 +0000 2013,@carolinecchap jailbait fairy time
Mon Jul 08 04:33:33 +0000 2013,"RT @BitchMaryland: I feel like twitter should have a warning label on all accounts under 18 that says ""JAILBAIT"" so I know not to follow th…"
Sun Jul 07 20:18:27 +0000 2013,@AllEyesToTheSky Too much time with jailbait guitarist
Sun Jul 07 10:45:24 +0000 2013,RT @XvideosFeed: Shy blonde posing naked #handbra #jailbait #teen #selfie #mirrormonday #titsouttuesday #sexy #Tittytuesday http://t.co/NEa…
Sun Jul 07 23:14:10 +0000 2013,RT @Supaahstar: Yo love her!“@MsAliceBateman: yaaaaaaaaaaaaaassssss RT  @DaRealAmberRose Slimane jailbait  http://t.co/qydTv6bl3w”
Sun Jul 07 23:06:54 +0000 2013,RT @DaRealAmberRose: Slimane jailbait 💋 http://t.co/BM5WXME0dW
Mon Jul 08 00:06:11 +0000 2013,RT @DaRealAmberRose: Slimane jailbait 💋 http://t.co/BM5WXME0dW
Sun Jul 07 19:55:49 +0000 2013,@SarahHamlyn haha go on then you know you want to #jailbait
Wed Jul 10 15:44:27 +0000 2013,“@imSylvester: Jailbaits looking saucy for their proms👀” truss me
Wed Jul 10 15:11:45 +0000 2013,@butterfan2 one more year of being jailbait. How does it feel?
Wed Jul 10 22:12:46 +0000 2013,RT @NataliaAnnya: Lol. Please don't dm me if you are under 19. That is jailbait.
Thu Jul 11 04:53:13 +0000 2013,@amirdalley mah babby ; me illegal ; jailbait ; underaged
Wed Jul 10 17:09:41 +0000 2013,happy jailbait day
Wed Jul 10 14:29:37 +0000 2013,RT @CuteTeensDaily: Rt if you want to put those beads around her neck somewhere else!! #FriskyFriday #teen #jailbait #selfie http://t.co/Vi…
Wed Jul 10 14:51:30 +0000 2013,Loool gettin told by a 19 year old I'm jailbait:L
Wed Jul 10 14:36:37 +0000 2013,"@lattelotus I really like short hair Minseok bc he looks... well, not like he's jailbait..."
Wed Jul 10 16:36:52 +0000 2013,RT @PartiesGuilty: Sent in anonymously 2 of 2. #jailbait #teen #selfie #sexysaturday #sundayfunday http://t.co/kN9CCC7rht
