created_at,text
Sat Nov 09 16:56:02 +0000 2013,Wonder if theres gonna be as much jailbait out tonight #underageluts #Ripon
Sun Nov 10 06:13:42 +0000 2013,lol you're still jailbait
Sun Nov 10 04:00:35 +0000 2013,RT @TeensNSFW4u: #teen #sexy #hot #nude #jailbait #sex #porn #nsfw #college #xxx #amateur http://t.co/bB9KiPxPjh http://t.co/3XRBj8MPEu
Sun Nov 10 04:04:54 +0000 2013,RT @TeensNSFW4u: #teen #sexy #hot #nude #jailbait #sex #porn #nsfw #college #xxx #amateur http://t.co/moBWXT13dX http://t.co/JQK6omXrJN
Sun Nov 10 01:38:04 +0000 2013,@MattyGuwop thanks jailbait
Sat Nov 16 16:22:22 +0000 2013,06 Jailbait by bloodshot barrels via #soundcloud http://t.co/T30fXOsmnr
Sun Nov 17 06:18:26 +0000 2013,Jailbait. That's just how we roll
Sat Nov 16 12:58:07 +0000 2013,PERO JAILBAIT PA SI SEHUN E. KAY BAEKYEOL? RT: @LouiseLugue @.blowfishprince di yan. Sa landi ng iba siguradong may mga supling na sila!
Sun Nov 17 00:51:54 +0000 2013,Too bad your jailbait
Sat Nov 16 18:12:03 +0000 2013,Jailbait everywhere.
Sun Nov 24 00:14:54 +0000 2013,RT @dirtygirlsxxx: #SexySaturday #jailbait #BigNaturals @selfshotworldie @UKAmateursx @pcooky64 @civigne http://t.co/6x8A4LZ3nX
Sun Nov 24 00:16:28 +0000 2013,RT @dirtygirlsxxx: #SexySaturday #jailbait #BigNaturals @selfshotworldie @UKAmateursx @pcooky64 @civigne http://t.co/6x8A4LZ3nX
Sat Nov 23 18:27:53 +0000 2013,Jailbait (Original Mix) - Avicii http://t.co/iCSX1TmdPc #nowplaying #listenlive
Tue Nov 12 23:33:59 +0000 2013,RT @CoOkiE_LiFe: I really hate young girls that try to look older. it's not cute. stop jailbait.
Tue Nov 12 10:20:16 +0000 2013,@sarahsabli you can't do pedo voice... i'm pretty sure he's older than you. You'd be jailbait for him tho. Ha ha.
Wed Nov 13 04:51:04 +0000 2013,@vprado98 and it would read jailbait instead of your name lmao 😂😂😋
Wed Nov 06 13:13:41 +0000 2013,Lol!!! jailbait http://t.co/0zPdwv8kef via @urbandictionary http://t.co/0zPdwv8kef
Thu Nov 07 05:15:49 +0000 2013,Drea bout to go to prison fucking wit these youngstas #Jailbait
Wed Nov 06 21:07:02 +0000 2013,@katekatherinef @BJ_Ricci I like #jailbait better
Wed Nov 06 22:24:51 +0000 2013,@imashbuttons @TheLewdist here's more jailbait than I am.
Wed Nov 06 15:53:08 +0000 2013,"""@KIN6S: For all the pedonoonas out there.. choose ur fave jailbait lmao http://t.co/UB39fFYJJY"" OMFG HAHAHAHAHAH"
Wed Nov 06 15:01:51 +0000 2013,"Bus braked and people jolted a bit and some junkie shouted ""Fuck this, ehm phonin the cooncil! Eh just lost 3 lockets! Jailbait mahn!"" ahaha"
Thu Nov 07 01:55:08 +0000 2013,@__Alexsandra I just got called jailbait again wat
Wed Nov 06 20:52:18 +0000 2013,RT @nwembridge: Me Kirsty n Mirrin are jailbait xxxxx
Sun Nov 24 16:56:13 +0000 2013,That jailbait life
Sun Nov 24 23:42:53 +0000 2013,azn hunnie jailbait. why does this always hapen
Sun Nov 24 19:53:17 +0000 2013,@okcoll #jailbait
Sun Nov 24 10:24:21 +0000 2013,"@superpokers 
RT if you think all girls should wear shorts like these. #Incest #Jailbait #youngteen 
http://t.co/swEYZPCyB2"
Sun Nov 24 10:25:13 +0000 2013,RT @superpokers: Anyone Need A Car Wash? #jailbait #incest #youngteen #forbiddenrealm http://t.co/fLbLwCbecc
Sun Nov 24 21:07:10 +0000 2013,#teen #barelylegal #pussy #jailbait #boobs #sex #porn #nsfw #erotic #xxx #nude http://t.co/IkDHvTRbG3 http://t.co/NYTHArTh8u
Sun Nov 24 15:46:20 +0000 2013,"RT @CreepingTommy: #JAILBAIT @FunBags12345 #MirrorMonday Teen titties! #Red #Selfshot #TightBody #Nude  
http://t.co/DF9nV0bZoZ"
Thu Nov 28 12:18:24 +0000 2013,"Far too much jailbait around now days, should be made to wear an age badge!!"
Fri Nov 29 04:47:36 +0000 2013,21- jailbait
Tue Nov 19 21:39:38 +0000 2013,"Rampid Ronaldo , ahahahah what a jailbait thing to say"
Wed Nov 20 04:42:40 +0000 2013,@_morganhope_ if ur 15 and tht person is 18 tht sounds like jailbait to me lmao
Fri Nov 22 10:29:48 +0000 2013,"The jailbaits are becoming ridiculous, eeesh"
Fri Nov 22 21:46:50 +0000 2013,SO MUCH JAILBAIT IN LEIGH HAHAHAHAHA
Fri Nov 22 12:18:30 +0000 2013,RT @dirtygirlsxxx: #TityTuesday #jailbait #BigNaturals @RealGirls6 @Dream_Babes @Soft09r @RealAva_Group @LoveGirlsAlot @sofia13_sketube htt…
Sat Nov 23 00:02:03 +0000 2013,Jailbait — wats that http://t.co/qqzjhlTHy5
Sat Nov 23 03:06:46 +0000 2013,@finchlynch @jennyvsjenny from jailbait to milf.
Sat Nov 30 16:23:18 +0000 2013,"RT @jeanninebudynas: Happy 18th birthday Cami! No longer jailbait at work😋 I hope your day is perfect, love you girl❤ @likeaCAMIleon http:/…"
Sun Dec 01 05:34:51 +0000 2013,Q: What's the oldest you would date or sleep... A: I dont think you should mess with jailbait: http://t.co/Jy2IWnMAlA
Sat Nov 30 10:11:36 +0000 2013,#teen #barelylegal #pussy #jailbait #boobs #sex #porn #nsfw #erotic #xxx #nude http://t.co/E644tTAIE6 http://t.co/7VO7r9GMwa
Sat Nov 30 21:08:15 +0000 2013,i'm jailbait
Sun Dec 01 04:57:10 +0000 2013,Why am I tweeting Parker so seductively he is jailbait at this rate I might be on the next episode of to catch a predator
Sun Dec 01 03:50:24 +0000 2013,"@weepingtaco @ToddStashwick Don't do it man. She's jailbait. One minute you're having a casual convo, next minute you're a convicted pedo."
Fri Nov 01 22:20:18 +0000 2013,JAILBAIT! 15 Will get you 20 http://t.co/uqqS88q9BW
Fri Nov 01 11:51:17 +0000 2013,@DanielBurtonPye @PoppyPullen @robvsfood You will always be our jailbait pie boy 💘
Fri Nov 01 23:13:49 +0000 2013,I wonder if oomf knows that the girl he talks to is jailbait... #SucksForHim
Fri Nov 01 21:11:32 +0000 2013,@DaroRangers away you..lol your feckin jailbait..lol
Fri Nov 01 21:41:28 +0000 2013,@Phoebe_flyss @ConnorFGuitar yes but jailbait is still jailbait for a reason! #youngan!
Fri Nov 01 19:05:27 +0000 2013,Second Halloween w/my love ;* #linkedtogether #forever #jailbait #myconfict #perff http://t.co/Jm1rC695C3
Fri Nov 01 16:00:02 +0000 2013,You Can Only Have One of Us Daddy! #incest #jailbait #daddysgirl #ForbiddenRealm
Sun Nov 03 16:00:51 +0000 2013,"Jailbait like shit RT @TheAriannaAngel: Old pic i found, I was like 16 lol. http://t.co/8Xm7R9ZBKb"
Sun Nov 03 16:04:09 +0000 2013,"""@DJKayyOhh: Jailbait like shit RT @TheAriannaAngel: Old pic i found, I was like 16 lol. http://t.co/p28bW62j8D"""
Sun Nov 03 23:48:33 +0000 2013,"@LukeBroadbent23 it's a classy neighbourhood, he called me jailbait the other day because I wouldn't get his cigarettes in the shop for him😂"
Sun Nov 03 08:19:52 +0000 2013,Jailbait - Deleted Scenes: Practice http://t.co/OKO67Qtb78
Sun Nov 03 22:36:56 +0000 2013,RT @pumpkiim: kendall jenner is no longer jailbait I call dibs
Sun Nov 03 22:15:25 +0000 2013,RT @pumpkiim: kendall jenner is no longer jailbait I call dibs
Sun Nov 03 20:52:09 +0000 2013,"Tamera will get through but I seriously can't stand her, she needs to act her age she's 16 not 26, rant over #jailbait"
Thu Nov 14 23:14:09 +0000 2013,RT @PartiesGuilty: 3 naked teens sneak out to jump on the trampoline #jailbait #bffs #teen #publicnudity http://t.co/mRM1oRLsBo
Thu Nov 14 23:36:32 +0000 2013,@peanutgomezz @A2_Underground jailbait. Js.
Thu Nov 14 19:28:35 +0000 2013,iCarly Sexy Bikini Zoom and Pan ~Jailbait Alert~ http://t.co/q1rsMsysDO
Thu Nov 14 07:36:40 +0000 2013,former 'mate asking where the jailbait at
Fri Nov 15 00:39:52 +0000 2013,RT @Crazy_Thuggette: if your over 18 dating someone under 17 ur fckn sick inda head !!! #JailBait
Thu Nov 14 18:02:16 +0000 2013,"RT @LaGynuh: I just called @eloise_____ a ""little piece of jailbait"""
Tue Nov 05 19:34:00 +0000 2013,“@usweekly: Exclusive: Abigail Breslin is dating All Time Low member Jack Barakat! http://t.co/G7AZLodIH5” he ain't dating no jailbait bitch
Wed Nov 06 04:50:25 +0000 2013,RT @JBinstagram_: short shorts. #Jailbait #instagram #Leggings #YogaPants #TeamSlut http://t.co/PueBUAUkJw
Wed Nov 06 04:51:31 +0000 2013,✿ Beautiful young girls in front of webcam http://t.co/hKUaJqBblo | #Webcam #Jailbait
Wed Nov 06 00:20:17 +0000 2013,@spankyourhams do you mean jailbait
Tue Nov 05 20:43:56 +0000 2013,Omg she's still jailbait lOLOLO
Tue Nov 05 14:57:59 +0000 2013,@mayveees @FollowElsee 🔨💣🔫🔪 pick your weapon jailbait
Tue Nov 05 17:12:03 +0000 2013,@KriszWings hahaha lol.. Nooo maybe he has a thing for jailbaits who knows ;)
Thu Nov 21 16:29:34 +0000 2013,@supahmaji 3rd part?! yaaayy I can't waiiittt &gt;&lt; this jailbait to give you more spirit :v http://t.co/bmfXR0kQUM
Thu Nov 21 23:06:03 +0000 2013,"The reason why old men don't want young women to be ""sexually expressive"", is because those old guys can't have those young women. #jailbait"
Fri Nov 22 01:43:14 +0000 2013,There's just so much sexy in this pic! http://t.co/nL3Fo8fkjm #porn #sex #titties #asswednesday #selfie #jailbait
Fri Nov 22 01:07:49 +0000 2013,RT @dirtygirlsxxx: #FriskyFriday #jailbait #sexypic  @RealGirls6 @Dream_Babes @Soft09r @RealAva_Group @Mirror_girls69 @sofia13_sketube http…
Thu Nov 28 02:44:07 +0000 2013,"RT @Tytuus: Dear bitches in their early 30's.
18 is legal. Quit calling me jailbait and let's fuck in your jetta."
Wed Nov 27 18:30:31 +0000 2013,#teen #sexy #hot #nude #jailbait #sex #porn #nsfw #college #xxx #amateur http://t.co/dGnt90sAgA http://t.co/8hIuNJXcQO
Wed Nov 27 18:01:40 +0000 2013,Catching up on my #RHOA &amp; I dont get what Phadra expected when she married a prisoner. His disconnect with reality is gone. #jailbait
Sat Nov 30 02:16:11 +0000 2013,@SirCodyJones @maceybanks @BroookeShepley @HeyItsMistyDawn jailbait!!!
Sat Nov 30 04:05:51 +0000 2013,RT @dirtygirlsxxx: #SexySaturday #Teen #jailbait @RealGirls6 @Dream_Babes @Soft09r @RealAva_Group @flashharry320 http://t.co/0fiWjKZc7L
Fri Nov 29 22:02:05 +0000 2013,I'm jailbait
Fri Nov 29 18:22:07 +0000 2013,"@laceyy0ung I never said you were I said you sound like a Beggy jailbait, fs Lacey get your facts right."
Mon Nov 04 23:03:07 +0000 2013,"Kendall Jenner is no longer jailbait, I call dibs."
Tue Nov 05 06:31:35 +0000 2013,"someone called me ""jailbait"" today...yikesss"
Mon Nov 04 22:30:18 +0000 2013,#teen #sexy #hot #nude #jailbait #sex #porn #nsfw #college #xxx #amateur http://t.co/j6ZQZsx6jD http://t.co/5rTlRrbcsP
Sat Nov 02 15:59:03 +0000 2013,"@TaeUps  to support him. His reply is short tho, just THANK YOU VERY MUCH but omg I'm so happy come to noona lil jailbait♥ LOL"
Sat Nov 02 15:21:11 +0000 2013,#jailbait  Blue Nile Reviews http://t.co/yefd8IpbL4 #teens
Sat Nov 02 18:59:37 +0000 2013,@KantusGaGa #jailbait
Sun Nov 03 02:37:33 +0000 2013,At least I won't be called jailbait anymore..
Mon Nov 18 01:21:05 +0000 2013,RT @AserLoveee: “@dirtygirlsxxx: @JustSlags how about these #teens giving you a #TitWank  #jailbait #BigNaturals http://t.co/MFGkfPeMOb”
Sun Nov 17 20:08:04 +0000 2013,Its that time of week where I once again state that Tamera should not be 16. #Jailbait
Wed Nov 20 19:54:04 +0000 2013,"My jailbait side came out tonight, cried at Hannah Montana the movie"
Wed Nov 20 13:53:13 +0000 2013,TEST: JAILBAIT
Thu Nov 21 02:28:32 +0000 2013,@Justismerchant @Still_Flexinn Brandon and I were just talkin about how jailbait nick used to get his ass beat everyday.
Wed Nov 20 21:59:54 +0000 2013,its only jailbait if its worth it
Thu Nov 21 00:19:56 +0000 2013,My babies will be in the same country as you.....I am worried about the safety of the Jailbait aka SeKai ...lmao @angelklite
Sat Nov 16 06:49:34 +0000 2013,I was jailbait back in the day 😂😂😂 #wheniwas16 http://t.co/sxPtZO0WR5
Fri Nov 15 07:41:09 +0000 2013,#amateur  http://t.co/W6vIwmQdQz #BareBeavers #jailbait #teenslut #teen #selfshot #Selfie
Fri Nov 15 15:02:48 +0000 2013,RT @dumbji: so he's no longer a jailbait now you can all take off your handcuffs #happy4dchangjo
Tue Nov 26 08:13:34 +0000 2013,#Tittytuesday #jailbait #teen @selfshotworldie @UKAmateursx @pcooky64 @civigne http://t.co/MncnmFQiU6
Tue Nov 26 12:28:45 +0000 2013,Lol he said the older they look the younger they are. #JAILBAIT
Wed Nov 27 04:58:08 +0000 2013,@puma_kai HE IS JAILBAIT AND THAT IS ALL THAT I WILL SA Y
Tue Nov 26 09:17:09 +0000 2013,@_Sannny HAHA i think you're right!! from 16-18 we were both jailbait 😭
Wed Nov 27 00:16:55 +0000 2013,@summerprietoooo jailbait
Tue Nov 26 18:11:32 +0000 2013,@FR3SH_AZ_IM_IZz  your profile pic is so basic jailbait.
Tue Nov 26 15:35:06 +0000 2013,@LisaLeysen LOST PROPHETS JAILBAIT SQUAD.
Tue Nov 26 20:25:29 +0000 2013,"RT @superpokers: Who Knew Wal-Mart Had Cuties Walking Around? :)  #Incest, #Jailbait, #youngteen http://t.co/XMZVHpKEuM"
Tue Nov 12 06:29:22 +0000 2013,RT @rothavy: NUNA IS JAILBAIT #indirectsfordays
Tue Nov 12 01:53:57 +0000 2013,RT @sexC_LexxC: Jailbait trippin lol
Tue Nov 12 01:11:57 +0000 2013,"jailbait, smh."
Fri Nov 08 13:15:59 +0000 2013,Xuxa Amor Estranho Video Proibido | Jailbait sex Club http://t.co/N0AG45Q2hx
Sat Nov 09 02:32:47 +0000 2013,😛 #FriskyFriday #Braces #Jailbait #ViernesDeEscotes http://t.co/xX9jHjXWj7
Fri Nov 08 08:17:58 +0000 2013,"@karinamylene you've got all the jailbait. 

Big pimpin'"
Fri Nov 08 12:31:43 +0000 2013,@kayjdh hurhur funny how maknae is the manliest hoho hello jailbait
Mon Nov 18 16:31:48 +0000 2013,JAILBAIT OOHHH HA HA
Tue Nov 19 04:30:24 +0000 2013,#teen #sexy #hot #nude #jailbait #sex #porn #nsfw #college #xxx #amateur http://t.co/OwpWlqoCvF http://t.co/4zyaklvArv
Thu Nov 14 06:48:02 +0000 2013,Got me feelin like jailbait when I'm legal shiiiit.
Wed Nov 13 10:43:33 +0000 2013,"Akana 15 lomntu tu :/ RT @Athenkosi_Guntu: OK'SALAYO AFTER 12 IS LUNCH!! RT @Sir_Mo_: Btw she's 15 #JailBait http://t.co/jtu2lrFSkr"""""
Wed Nov 13 21:30:00 +0000 2013,Jailbait ew
Thu Nov 14 04:33:19 +0000 2013,@johnjennings3 tollerance break. 2 days free jailbait
Thu Nov 14 03:43:39 +0000 2013,Why you gotta be so young?! 😭😫 lol #jailbait
Wed Nov 13 18:42:32 +0000 2013,“@GGNDRiRock: @hbob23 I haven't got my licence yet :(”u mean u're minor? If so eeekkk a jailbait 😳
Wed Nov 13 15:59:44 +0000 2013,Missing my bros #lonely #staystrong #fightingforfreedom #jailbait #jailhate http://t.co/IAvLrQ2M7t
Wed Nov 13 20:04:30 +0000 2013,Here come the jailbaits
Thu Nov 07 18:08:37 +0000 2013,@USAF_Catt Says the jailbait 😂
Sun Nov 10 07:25:17 +0000 2013,RT @Post_UK_Girls: http://t.co/hcJylI11CH #jailbait #teens #HottieOfTheWeek http://t.co/7XfNdEufDp
Mon Nov 11 02:28:11 +0000 2013,Good 🙌 “@That_boy_MEAT: Jailbait is my only saints fan on my TL”
Mon Nov 11 02:28:14 +0000 2013,Warning: Jailbait
Sun Nov 10 21:38:25 +0000 2013,Jailbait little sluts
Mon Nov 11 01:56:13 +0000 2013,"Lol that just shows that some niggas will cuff anything that's ""foreign"" for the hell of it... Lol jailbait and all"
