created_at,text
Sat Jun 09 22:31:49 +0000 2012,Damn. Jailbait parched af
Sat Jun 09 22:09:53 +0000 2012,RT @dlydon80: Where are all those jailbaits attt? #watsgood
Sat Jun 09 06:21:18 +0000 2012,"Wow, did these two really just ask me to have a threesome? #Jailbait"
Sun Jun 10 04:53:38 +0000 2012,RT @JforJadeee: @KGOD_ #jailbait
Sun Jun 10 03:02:27 +0000 2012,#jailbait
Sat Jun 09 10:52:12 +0000 2012,"@deanskeltonn hahaahha sit the fuck down you buttaz sket. awh, miss you jailbait xoxoooxoxxo"
Sun Jun 10 00:37:07 +0000 2012,Drinking a Jailbait by @badmojobrew at @TripelB — http://t.co/6Cu61t7C
Sun Jun 10 00:55:26 +0000 2012,You're sexy af but ur 17... I can't ! #JailBait :-\
Sat Jun 16 22:02:15 +0000 2012,That nigga clay is jailbait.. Aha
Sat Jun 16 18:03:22 +0000 2012,Apparently someone Googled 'Jailbait at Disneyworld' and got my blog as a result
Sat Jun 16 06:13:07 +0000 2012,RT @ChodeStroker51: @The_Akron_Ham @HannahhC_ #jailbait
Sat Jun 16 12:36:55 +0000 2012,#xxx #porn #hardcore My Sisters 12th Grade Friend Has Wanted My Dick Since She Was Jailbait  http://t.co/hhnoDPmm
Sun Jun 17 04:16:58 +0000 2012,@TayMacKenziee is the sexiest neighbor I could ever ask for #jailbait
Sun Jun 17 03:07:56 +0000 2012,RT @LickHerJUICES_: @Hollywood_SoFly Y'all gonna have to stay in Columbus &amp; fuck with us though. Even if they jailbait. Lol. &lt;-- Smh! Lol
Sat Jun 16 08:46:55 +0000 2012,#ImSingleBecause; all my fans are jailbait. LOL.
Sun Jun 17 00:17:13 +0000 2012,@ChinnyChris the Gavin slowly approaches the jailbait or beliebers whilst they enjoy their twilight movie. He is the perfect predator #loveu
Sat Jun 16 19:04:46 +0000 2012,Im too old to be considered jailbait anymore
Sat Jun 16 13:38:15 +0000 2012,Seventeen and a half is still jailbait. http://t.co/a5dfSwbs
Sat Jun 16 13:30:39 +0000 2012,I liked a @YouTube video http://t.co/F122w1zL jailbait warrior at it again
Sat Jun 16 16:27:37 +0000 2012,Jailbait bro.
Sat Jun 23 18:19:22 +0000 2012,http://t.co/kn7M7obq blonde jailbait blonde jailbait boob
Sat Jun 23 11:23:37 +0000 2012,Jailbaits everywhere
Sat Jun 23 23:17:48 +0000 2012,Holy shit..... That is the oldest looking 13 year old that I have ever seen in my whole entire life.... #jailbait
Sat Jun 23 21:36:48 +0000 2012,@MattPearce12 well hurry up!! when's your birthday you big hunk'a jailbait?? #disappointment
Sat Jun 23 14:44:49 +0000 2012,@PimpWENN @FutureFlashback Or they enjoy the easy source of jailbait
Tue Jun 12 18:33:07 +0000 2012,"@isabelsctt omfg #busted ""I do like jailbait and I am here to cause trouble"""
Wed Jun 13 01:33:56 +0000 2012,#Ibaka is a sexy ass man! But...he's jailbait! Damn little boy!
Wed Jun 13 01:05:38 +0000 2012,"real shit! lol RT @LordJazer: @MattyNeu Looks 12, and is ONLY 16. Jailbait shit right there."
Wed Jun 13 01:58:22 +0000 2012,"@JimmyPop92 I wouldn't do that for 4 reasons, 1) I'm not gay 2) I'm jailbait 3) you're old and nasty 4) who are you!?"
Wed Jun 13 04:18:14 +0000 2012,There's a 6 year old kid who has a crush on me on my street . It's so fucking cute but hun I'm not a babysitter #jailbait
Tue Jun 12 08:42:09 +0000 2012,@Taylor2210 fucking jailbait!!
Tue Jun 12 23:12:48 +0000 2012,"who the fuck is this olly riley kid, he needs stabbing for wanting to see jailbaits asses?.. twat"
Tue Jun 12 21:38:49 +0000 2012,@xSakura_Haruno Is she jailbait? LOL
Tue Jun 12 21:07:04 +0000 2012,"“@lereesen: Nival_M @Dhersh_C Covered the basics in grade 8.” •The basics could score you some jailbait, if you're into that type of thing•"
Wed Jun 13 00:54:58 +0000 2012,#JailBait
Mon Jun 25 22:46:09 +0000 2012,@MAXxXKINGS91 jailbait comment on that post on the Facebook group just now #plentyofpals
Mon Jun 25 18:38:52 +0000 2012,@charlottelou_xx I love jailbait... That's why I tweeted JB declaring my love!
Tue Jun 26 04:26:42 +0000 2012,@pincheZach ....Possibly... Lol and was the #JailBait needed?
Tue Jun 26 04:42:50 +0000 2012,"I like being a minor
#jailbait"
Mon Jun 25 20:46:37 +0000 2012,"@aurel_p lol, tt de suite le jailbait. Pff... :)"
Mon Jun 25 11:20:11 +0000 2012,http://t.co/MHY8D3da blonde jailbait blonde jailbait boob
Mon Jun 25 11:14:35 +0000 2012,"@MizzRuby_x 

Oh yeah what you up to jailbait x"
Tue Jun 26 03:26:05 +0000 2012,"@Executnr @WWE @WWEUniverse ""because America loves hot, white, jailbait ass!"" seriously though lol... she's blonde, she's thin... hollaholla"
Tue Jun 26 03:21:03 +0000 2012,people who are under 18 but look of age should need to walk around with some kind of name tag or funny hat. #jailbait
Tue Jun 26 03:48:07 +0000 2012,lmao daaamn he a jit! #JailBait lol RT @BlowMyyMind “@SADITYsoSAVAGE how old u turning? RT (cont) http://t.co/Gb9YDRC1
Tue Jun 26 03:22:17 +0000 2012,"@ShanAfuckingA_ wait it is?! I didn't know xD whoops...girls I see a lot but only one guy! Oh 15...more young jailbait on my timeline, lol!"
Mon Jun 25 21:18:59 +0000 2012,"@bryonyhill_ I hope you're joking, I will not tell my 13 year old brother, THE Bryony Hill that he fantasizes, over 'loves him', #jailbait"
Mon Jun 25 17:49:17 +0000 2012,cody simpson's jailbait 😔👎
Tue Jun 26 00:26:10 +0000 2012,"@Pro_tease not every girl younger than you is jailbait fam,if she was under your height I may get the confusion but... @CutieZan"
Wed Jun 06 15:45:41 +0000 2012,Jailbait
Wed Jun 06 18:12:30 +0000 2012,"Wickford = takeaways, weed and jailbait"
Wed Jun 06 06:31:37 +0000 2012,RT @alexissonfiire: jailbait.
Wed Jun 06 07:27:25 +0000 2012,"#ThatAkwardMoment when you keep thinking how good someone looks, and how bad u want emm , Whole Time they like 16 -______- #JailBait"
Wed Jun 06 20:04:57 +0000 2012,"RT @jack_penfold: Wickford = takeaways, weed and jailbait"
Wed Jun 06 08:12:50 +0000 2012,http://t.co/k7DiAQmo nude country girl jailbait lesbian
Wed Jun 06 23:51:03 +0000 2012,"@snapbacktwat Oh my god, they can't make him to community service he'll get mobbed by crazy jailbait :o"
Wed Jun 06 13:49:15 +0000 2012,Niñas de selectividad por la facultad... JailBait
Wed Jun 06 16:08:52 +0000 2012,http://t.co/YzOh5i4N jailbait models hairy ariel reb
Sun Jun 24 22:52:47 +0000 2012,This girl walked up and asked for my #. me:how old are you? Her:14 me:if u don't get tf up out my face.a nigga cnt get shit from u! Jailbait
Mon Jun 25 05:07:43 +0000 2012,You're 15 years old and you're trying to look 20 with a wonder bra. #jailbait #babybacksmuts
Mon Jun 25 05:15:41 +0000 2012,#JailBait 😘
Sun Jun 24 18:59:48 +0000 2012,@Deas_Cailin I'm trying to..twitter is where it's all at these days!! Still waiting on a tweet from Harry styles tho #jailbait
Sun Jun 24 12:30:20 +0000 2012,Jail bait cringe cringe hahaha just lol #jailbait #gimp
Mon Jun 25 01:02:40 +0000 2012,@NatInChains Jailbait?
Mon Jun 25 04:31:22 +0000 2012,Jailbait titties &lt;&lt;&lt;
Mon Jun 25 03:15:07 +0000 2012,"RT @erikacaggiano: Petey ""Gets With Jailbait"" Conti #PeteyNicknames"
Sun Jun 24 23:06:16 +0000 2012,@FukkBrandon yuuuup #jailbait
Sun Jun 24 19:18:07 +0000 2012,#oomf is jailbait &gt;_&gt;
Sun Jun 24 16:15:20 +0000 2012,@HannahhShears oh fuckoff #jailbait xx
Fri Jun 29 05:31:47 +0000 2012,Oomf likes jailbait
Fri Jun 29 05:14:04 +0000 2012,@Dae_Lim remember walking down the hall calling all the freshmen jailbait? #missthat
Thu Jun 28 18:34:56 +0000 2012,@Alyssa_Ritz @MitchNYM @lomomarlins #Jailbait IMO
Thu Jun 28 12:33:17 +0000 2012,"Urban Decay *Limited Edition Container* Lipstick in ""Jailbait"" -BNIB!- (Free Shipping) http://t.co/PjNmFgn4"
Thu Jun 28 07:27:13 +0000 2012,@KhairulAqmal Its A Jailbait :0
Thu Jun 28 07:13:55 +0000 2012,fuck i sound like a jailbait
Thu Jun 28 23:39:13 +0000 2012,@lidalssx it's cause you're so hot. #jailbait ;)
Thu Jun 28 21:30:57 +0000 2012,@hoepuh is it any good? is there loads if jailbait :L xx
Thu Jun 28 21:42:42 +0000 2012,#ICantDateYou  if u still go to VBS #jailbait
Thu Jun 28 19:53:44 +0000 2012,"@foreveryagirl @NY_Triniman @RedThunder_Sp08 @SeeMoeNay @surfacedtruth @walkland09 DAMN! LIKE THAT, JAILBAIT?"
Wed Jun 20 05:08:46 +0000 2012,@darn_that_tiff ... jailbait. Lol
Wed Jun 20 01:45:25 +0000 2012,She wants that jailbait (: ha
Tue Jun 19 20:44:23 +0000 2012,#Jailbait RT @Alyssa_Ritz IT IS SO HOT IN MY ROOM
Tue Jun 19 11:25:30 +0000 2012,この夏嵐を巻き起こす注目のバンドthe Jailbait ＞RT
Wed Jun 20 03:10:50 +0000 2012,RT @magnus_taylor: Old people do not like to lose... #jailbait #championshipgametomorrow
Tue Jun 19 23:39:21 +0000 2012,Jailbait reveal yourselves!
Tue Jun 19 13:12:28 +0000 2012,Mixed Cuties Vol.10 (296P) http://t.co/2ASfsCqA #anarchy #jailbait
Tue Jun 19 16:42:09 +0000 2012,IM LEGAL! A BIG F U TO ANYONE WHO HAS EVER CALLED ME #JAILBAIT #LOOKATMENOW
Fri Jun 22 18:51:47 +0000 2012,@haay_suge so I just found out that chachi has an instagram #likeshit and I'm currently creepin #shitisshestill16 #jailbait #lezzbehonest ?!
Fri Jun 22 07:53:35 +0000 2012,@soya621 This sounds like an incredibly bad idea OTL Do you plan on stealing Areum and jailbait while you're at it?
Fri Jun 22 07:44:46 +0000 2012,@littleEvajass JAILBAIT! RUN!!!!
Fri Jun 22 23:17:04 +0000 2012,"“@SamsEdition: I thought I was in a pub? This looks more like the Early Learning Centre. #jailbait :-S”
BAAAHAHAHAHAHA!!"
Fri Jun 22 13:09:28 +0000 2012,Veronica (69P) http://t.co/b1JKoqg7 #anarchy #jailbait
Fri Jun 22 16:46:07 +0000 2012,It happening! After almost 3 years I’m deleting the ‘Best of SYTYCD’ ep from my DVR. Bye @Allisonholker &amp; Jailbait Ivan http://t.co/b8XAm7iA
Sat Jun 02 05:43:12 +0000 2012,"I would like to send love to my guilty pleasure, a.k.a jailbait @EmmaaHeartt"
Fri Jun 01 18:31:28 +0000 2012,RT @earlxsweat: Aye wheres pretty 18 year old fans bruh fuck the jailbait
Sat Jun 02 01:45:38 +0000 2012,@bluenotederby #jailbaite
Sat Jun 02 01:25:19 +0000 2012,OH RT @CiNi501: http://t.co/eHT1SJEU why do i keep coming across sexy jailbait blunders of jungup?
Fri Jun 01 10:50:02 +0000 2012,#iNeed some jailbait pussy
Fri Jun 01 17:09:45 +0000 2012,RT @earlxsweat: Aye wheres pretty 18 year old fans bruh fuck the jailbait
Fri Jun 01 17:23:54 +0000 2012,"""@earlxsweat: Aye wheres pretty 18 year old fans bruh fuck the jailbait"" lol"
Sat Jun 02 00:09:43 +0000 2012,Jailbait. ST @theMRperkins: omg shes 17 o.O
Sat Jun 02 00:33:45 +0000 2012,. @DStrick01 has an awesome smile tho. Mmmm #jailbait
Sun Jun 03 22:05:57 +0000 2012,This lil blond so young and already looking good RT IF YOU WANT MORE OF HER #jailbait #young http://t.co/hp7MjXnw
Mon Jun 04 04:09:14 +0000 2012,all this jailbait is following me...
Sun Jun 03 14:39:14 +0000 2012,@lauraarnett you seemed to have a social life the other night at bas chasing jailbait ;)
Fri Jun 15 04:14:25 +0000 2012,JAILBAIT NAO ME METE NUMA FRIA DESSAS
Thu Jun 14 20:32:26 +0000 2012,RT @freshprinceofcv: i hope when im 18 im super cool and pick up jailbait in my car
Fri Jun 15 02:49:51 +0000 2012,Jailbait Cate @caitlynnwillett
Thu Jun 14 19:47:13 +0000 2012,#sex #porn #amateur Jailbait http://t.co/RY5DcAZu
Thu Jun 14 16:06:07 +0000 2012,@boudemily2 @ConorMaynard tickets for Brighton go on sale tomorrow. thought you'd wanna know. #jailbait
Thu Jun 14 16:28:01 +0000 2012,Absolute jailbait on the bus.
Tue Jun 05 22:54:47 +0000 2012,"Seriously it should be the twitter law for girls to put age on their bio, I swear I see guys flirting with girls that could be #JailBait LOL"
Wed Jun 06 03:46:40 +0000 2012,@caliwalker_ jailbait
Thu Jun 21 07:46:24 +0000 2012,Brit Brat is gonna be jailbait soon.  http://t.co/0cl74sA6
Thu Jun 21 23:29:09 +0000 2012,This customer told me I'm jailbait haha
Thu Jun 21 17:15:10 +0000 2012,"RT @khollaway: @Brookiebear012 @j_broshears17 vomit, I want to throw up. #jailbait... Plus him and @Lexi_Jobee23 are precious."
Fri Jun 22 00:09:11 +0000 2012,I liked a @YouTube video http://t.co/XomBOZ0J JAILBAIT | KATHA
Fri Jun 22 00:23:41 +0000 2012,@rebekahjoy13 JAILBAIT!!!
Thu Jun 21 19:47:12 +0000 2012,"#oomf always trips over my friends, but he's still fuckin w/his mangy jailbait. #gtfo"
Wed Jun 27 07:32:04 +0000 2012,#bffs #jailbait http://t.co/DLSn3IZX
Thu Jun 28 03:01:13 +0000 2012,I look forward to jailbaiting the new iphone this fall.
Wed Jun 27 23:53:59 +0000 2012,#tastetherainbow #raindrops #stripes #eyes #smile #boobs #bebe #stripes #jailbait http://t.co/U6hAnF7j
Thu Jun 28 00:46:21 +0000 2012,RT @S_F_M_1: #Jailbait
Fri Jun 29 15:27:12 +0000 2012,@x0x0steff she mad cause she's jailbait &amp; she can't have him &amp; i be tossing that shit back on him lmaoo
Fri Jun 29 22:02:13 +0000 2012,"The age of a man doesn't matter to me because most seem never to mature anyway. As long as you aren't jailbait, I can manage."
Fri Jun 29 12:44:18 +0000 2012,@morgzy_23 everyone loves abit of jailbait every now an then
Fri Jun 29 21:11:58 +0000 2012,RT @mohara418: Is Selena Gomez 18 yet? #JailBait #AhFuckIt
Fri Jun 29 17:35:18 +0000 2012,@fucklif3_ called having a laugh mate haha :') every boy with a dick loves JAILBAIT :)
Fri Jun 29 17:23:40 +0000 2012,@Optimus_Pinus i know i dont know how to use jailbait in the semi tense
Mon Jun 04 11:52:34 +0000 2012,"definitelyRT @LB_mara: Am I too old to think ""oh, he kinda cute doe"" lls jailbait. haha"
Tue Jun 05 03:01:18 +0000 2012,"I swear #oomf is always trying to see some titties , get some pussy or attracting jailbait ... Yeah I'm talking bout you Taki ..."
Tue Jun 05 03:04:05 +0000 2012,@swingman77 I'm jailbait.
Mon Jun 04 10:38:22 +0000 2012,DAS ME BISH RT @uknowsexy123: HAHAHAHAHAHAHAHAHAHAHA YOU JAILBAIT RT @koreandreaam yoochun is 14 years older than me *fuck life*
Mon Jun 04 23:21:33 +0000 2012,cute hot teens: http://t.co/ZsGDUiNv #anarchy #jailbait
Tue Jun 05 00:45:33 +0000 2012,@meganadams06 @BillySay94 how is the jailbait????????
Sat Jun 02 22:06:57 +0000 2012,RT @_InfiniteWorld: Insult RT @SosaVICIOUS: Is it a compliment or an insult to be called jailbait?
Sat Jun 02 12:04:14 +0000 2012,@Obvious_Lee_me cringe. Haha gool ol bridg nappy night uv parties #jailbait
Sat Jun 02 12:13:01 +0000 2012,"Dear Jailbait, stop looking at me, I'm old enough to be your very young dad.."
Sat Jun 02 07:44:38 +0000 2012,#oomf jailbait
Sun Jun 03 03:13:25 +0000 2012,@Kaaykizzle haha I would've then I found out she was #jailbait
Sat Jun 02 23:52:13 +0000 2012,"@MiaVee Come on, she's in her early 20s if she's a day! That's barely even gray area, let alone jailbait!"
Sat Jun 02 21:27:10 +0000 2012,SCREAMS MY LUNGS OUT RT @MaesHughes2003: uh oh. Jailbait update. @Mineko_TB warning. It's up.
Sat Jun 02 17:53:44 +0000 2012,I've Sen a lot of sides from her 4 #jailbait #teen #sexy #young http://t.co/YbvrStvU
Sat Jun 02 14:49:50 +0000 2012,RT @SisIsJailbait: #jailbait #bikini #blonde #tall #legs #skinny #tummy #sexy #slut #whore #fuckable http://t.co/Ilt9HtAj
Sun Jun 17 06:12:32 +0000 2012,At outlaws... Feel like a senior citizen #jailbait #doyouhaveid
Sun Jun 17 11:02:36 +0000 2012,"RT @jasminetown1: I might as well change my name on twitter to ""JailBait"""
Sun Jun 17 08:32:05 +0000 2012,@LawsyKirk went some random jailbait party with Plom n gib then stayed at Gibs boy
Sun Jun 17 21:54:50 +0000 2012,#Jailbait RT @Alyssa_Ritz: I should have worn pants today
Sun Jun 17 14:04:17 +0000 2012,http://t.co/gTqrAz6E nude jailbait cum shots nipple pump
Sun Jun 17 19:22:19 +0000 2012,Raul Meireles looks Jailbait like #Euro2012
Sun Jun 17 16:43:15 +0000 2012,@Kplews I'm a different type of jailbait from the usual jailbait
Wed Jun 20 15:10:36 +0000 2012,"@WolfWangg You should of heard the prank call i got, i guessed who it was straight away LOL, #jailbait #pmt"
Wed Jun 20 15:58:00 +0000 2012,@Joshwhillock @Gaz_111211 my sister just text me asking why i'd been texting her. you bastardssssss! #sickcunts #jailbait
Thu Jun 21 05:20:53 +0000 2012,RT @Jay_Johnson_23: Watch out these young girls aka #jailbait are everywhere now looking better then the older girls smh
Thu Jun 21 01:47:25 +0000 2012,Just got hollered at by a fine one!!! Too bad I'm jailbait... 😔
Thu Jun 21 03:42:22 +0000 2012,Genuine jailbait
Thu Jun 21 02:56:47 +0000 2012,The Jailbait Trophy awarded to Tyler Seguin and his sweet abs.
Wed Jun 20 14:09:17 +0000 2012,Erkekliğimin bozulma tehdidi geldi beyler yalnız arkadaş kesin jailbait ne yapayım ahaha
Wed Jun 20 16:21:55 +0000 2012,@itsoStrONICgood no.. #JailBait
Fri Jun 15 22:18:10 +0000 2012,@deee_bornready Jailbait is da word ur looking for cuz
Fri Jun 15 06:02:04 +0000 2012,@RoxTheCreator is #Jailbait
Fri Jun 15 16:40:09 +0000 2012,“@Dumbstarr: @HoodieAllen You have too many young fans. JAIL-BAIT” me me me I'm jailbait YAY
Tue Jun 26 18:59:21 +0000 2012,RT @iheartcarp: @Sbyrnes95 lol jailbait
Wed Jun 27 01:56:55 +0000 2012,RT @aikenbaconnn: @danni_nicolee96 She's dumb as fuck for messin with him in the first place lmao. #jailbait
Wed Jun 27 04:44:43 +0000 2012,RT @Jizzle_badd: Jailbait &gt;&gt;
Wed Jun 27 03:13:26 +0000 2012,Of coarse it's jailbait.....#fml
Wed Jun 27 03:36:08 +0000 2012,you can't live the #thuglife if you're still #jailbait...... nice try kid
Tue Jun 26 17:25:31 +0000 2012,RT @tomnunn112: @Nick_OGrady jailbait skets and them gypsy women that give you fake flowers
Tue Jun 12 05:41:50 +0000 2012,All These Young Cute Bitches On Twitter Got Me All Nervous #JailBait ...
Mon Jun 11 23:11:35 +0000 2012,"Lol, #JailBait"
Tue Jun 12 02:53:53 +0000 2012,RT @TNACreative: Kane will embrace the jailbait. #RAW
Mon Jun 11 14:08:08 +0000 2012,@wophieee now we're thinking the same. We pop up at the same time. Mr Warren got us confused. :O we're like jailbait bestfriends..
Tue Jun 12 00:17:06 +0000 2012,RT @Liftz Seems like every girl that has my interest be like 16 wtf -__- #JailBait
Tue Jun 12 00:52:41 +0000 2012,@hcrsn #HangoutWithMeAndPeopleWillThinkYoureCool #IfYourSisterIsAProblemSendHerMyWay #Jailbait #IStillHave45CharactersToUseInThisTweet #Done
Fri Jun 08 22:51:48 +0000 2012,@f4cefuKc a proper one not a school one;) and its jailbait  ain't it:/
Sat Jun 09 05:11:14 +0000 2012,http://t.co/JQQ9Lxfc jailbait nude usenet preteen suck
Sat Jun 09 05:36:37 +0000 2012,#xxx #porn #tits My Sisters 12th Grade Friend Has Wanted My Dick Since She Was Jailbait  http://t.co/FxLt8XIM
Fri Jun 08 18:39:57 +0000 2012,To me people who sag are considered #JailBait
Fri Jun 08 12:59:25 +0000 2012,@xDaxDoUgHxBoYx thing is if she/he is young I'll be rp'n anal whore named Candy in prison. *Sigh* Jailbait is so fustrating. I like the good
Sat Jun 09 01:23:07 +0000 2012,"So I don't know if y'all followed her earlier but if you didn't you need to. Follow this Jailbait Betch @friskyjailbait, love her &lt;3"
Sat Jun 09 04:48:57 +0000 2012,http://t.co/rJ2wR8F6 jailbait braces my topless wife pos
Fri Jun 08 07:56:55 +0000 2012,@_OhSheFAKE cultural differences I guess ...just like jailbait ;)
Fri Jun 08 11:06:20 +0000 2012,"RT @The_Sculptress: Twitter jailbait. 

First time.

This fucking sucks.

I'm holding onto the soap for dear life."
Sat Jun 09 03:31:42 +0000 2012,@adamlevine you say you love haters..may i call u jailbait..?? &gt;.&gt;
Sat Jun 09 00:49:39 +0000 2012,"""@GothamsSaviour: Just like that my day improves with a compliment."" Lemme ruin it again fer ya: QUIT HITTIN' ON THE JAILBAIT!"
Sat Jun 09 00:05:43 +0000 2012,RT @DrNailor: @_xlauraaXO  jailbait? I ain't fucking with it might just roll up an L and chill at the crib or something
Mon Jun 18 22:09:36 +0000 2012,RT @neilfairnie: @Gibby1195 its jailbait as anything hahaha!
Mon Jun 18 22:06:14 +0000 2012,Dancing Cuties [Videos] http://t.co/hdoxO7cH #anarchy #jailbait
Mon Jun 18 18:01:08 +0000 2012,@blakedalton54 Tell all the girls in your grade to give me a follow #jailbait #cheerleaders
Mon Jun 18 12:20:24 +0000 2012,"RT @ru194: Feel sorry for lads in this day an age, so many girls look older than they actually are #JailBait"
Mon Jun 18 12:22:36 +0000 2012,"RT @ru194: Feel sorry for lads in this day an age, so many girls look older than they actually are #JailBait"
Tue Jun 19 01:03:19 +0000 2012,These high school boys thinking they have a chance haha umm no #jailbait
Mon Jun 18 20:19:57 +0000 2012,Why would this grown ass man tell my momma I'm jailbait ew get on
Mon Jun 18 17:50:32 +0000 2012,"I have alot of jailbait on here , put your ages in your bio ffs haha"
Wed Jun 13 15:18:54 +0000 2012,"@juliehamilton93 naaah not yet! But you know the day :'( this is so jailbait if he reads this, but mind? ""Aw nb Ashley Cole"" c'monn"
Wed Jun 13 22:13:38 +0000 2012,ROFLMAO RT @introcollapse: @nowthatsclasssy you are the epitome of jailbait and I'm glad more of twitter does not know about you
Wed Jun 13 22:19:11 +0000 2012,#JailBait 👮RT @Showboat804: These girls look grown smh
Wed Jun 13 22:19:30 +0000 2012,I've been called jailbait 3 times this week. Slap in the face to all you bitches
Thu Jun 14 05:29:38 +0000 2012,Selfshot Jailbait Hotties http://t.co/c0IKm7z3
Thu Jun 14 05:40:22 +0000 2012,Uhm the girl #OOmf tweeting looks like she 2 #jailbait
Wed Jun 13 06:44:13 +0000 2012,RT @yarghhhhh Daily reminder that Chloe Moretz is jailbait and that you're a pedophile.
Wed Jun 13 21:34:54 +0000 2012,@WoodysGamertag I swear to God I thought that said jailbait. CNN would have been all up on your ass with that tweet if it was.
Thu Jun 07 15:05:32 +0000 2012,"@thedr978 ahah , that's not good , 15 #Jailbait"
Fri Jun 08 05:12:36 +0000 2012,“@Moooooshell_: Fuck u. RT @_YupThatsHim: Jailbait &lt;&lt;&lt;&lt;&lt;&lt;&lt;&lt;&lt;&lt;&lt;&lt;&lt;” not you.. you have to be attractive to be jailbait...
Thu Jun 07 06:47:49 +0000 2012,Jailbait 😂 RT @HugMeImFluffy: Leo outstands. RT “@Leooo_doee: @_TrillBritney @jaackykinns do i Stand a chance?”
Fri Jun 08 04:43:48 +0000 2012,#lolita #Jailbait http://t.co/DCw5Kry0
Thu Jun 07 10:44:54 +0000 2012,J'ai aimé une vidéo @YouTubede @doriandayedm http://t.co/fanc7zK2 Jailbait (Dorian Day Mashup)
Thu Jun 07 21:02:01 +0000 2012,If your 18+ theres no reason to be fucking lil kids.#jailbait
Thu Jun 07 21:09:01 +0000 2012,"""@DistinCraay_: @k_thanksbye @joe_mtmmg @madmo95 sending niggas to jail, you jailbait yat (8)"" « woz di probrem?"
Thu Jun 07 14:10:33 +0000 2012,jailbait?
Fri Jun 08 00:04:37 +0000 2012,"@EvieBarbour @mairiclare21 @_kaatiee jailbait is the word of the night. but yeah same, fuck it"
Fri Jun 08 00:21:13 +0000 2012,"RT @JDiamondCarter: ""America loves hot, white, jailbait ass."""
Thu Jun 07 16:42:50 +0000 2012,@jillwilsonx haha nhn better than #jailbait
Sun Jun 10 11:42:42 +0000 2012,#sex #porn #amateur Jailbait http://t.co/4AF1E2hC
Sun Jun 10 10:14:31 +0000 2012,jailbait
Mon Jun 11 02:07:20 +0000 2012,Lol @ the girls you got drunk with last night.. #jailbait
Sun Jun 10 21:33:00 +0000 2012,"“@ryanhidalgo: Judging by FB, my boy @kjbuckner has a lot on his hands. #jailbait #lockitup” Hahahaha! And it's only going to get worse."
Sun Jun 10 14:44:49 +0000 2012,MY JAILBAIT IS BACK IN SINGAPORE \O/
Sun Jun 10 13:26:12 +0000 2012,Finally on the motorway and leaving my 'jailbait' nickname there
